date,gonjiam_slope_lag7_29
2023-01-01,0.0
2023-01-02,0.0
2023-01-03,0.0
2023-01-04,0.0
2023-01-05,0.0
2023-01-06,0.0
2023-01-07,0.0
2023-01-08,0.0
2023-01-09,0.7461899999999994
2023-01-10,0.4749274999999997
2023-01-11,0.3142549999999999
2023-01-12,0.22239699999999984
2023-01-13,0.1697797142857142
2023-01-14,0.13664178571428565
2023-01-15,0.1058581122448979
2023-01-16,0.09191749999999994
2023-01-17,0.081063492063492
2023-01-18,0.0684752499999999
2023-01-19,0.05339879870129862
2023-01-20,0.04085005952380946
2023-01-21,0.030924725274725222
2023-01-22,0.026414183673469337
2023-01-23,0.026325857142857092
2023-01-24,0.025832187499999947
2023-01-25,0.02333563025210079
2023-01-26,0.018225952380952343
2023-01-27,0.014055526315789426
2023-01-28,0.008136857142857086
2023-01-29,0.00673979591836729
2023-01-30,0.010284480519480464
2023-01-31,0.012335652173912989
2023-02-01,-0.018310434782608725
2023-02-02,-0.02654284161490687
2023-02-03,-0.025834161490683273
2023-02-04,-0.02623719565217395
2023-02-05,-0.028296537267080785
2023-02-06,-0.02797726708074538
2023-02-07,-0.027919673913043508
2023-02-08,-0.0319546583850932
2023-02-09,-0.035910947204968964
2023-02-10,-0.036773478260869574
2023-02-11,-0.03400830745341617
2023-02-12,-0.03162172360248449
2023-02-13,-0.027845450310559027
2023-02-14,-0.02736284161490685
2023-02-15,-0.031047049689441008
2023-02-16,-0.03575333850931678
2023-02-17,-0.03787610248447206
2023-02-18,-0.03615580745341617
2023-02-19,-0.03519784161490685
2023-02-20,-0.03056927018633542
2023-02-21,-0.030228881987577647
2023-02-22,-0.0360301397515528
2023-02-23,-0.042290791925465844
2023-02-24,-0.04767049689440994
2023-02-25,-0.05150745341614906
2023-02-26,-0.0551126552795031
2023-02-27,-0.05397408385093167
2023-02-28,-0.05156537267080745
2023-03-01,-0.052790822981366455
2023-03-02,-0.05227591614906833
2023-03-03,-0.050594114906832306
2023-03-04,-0.04903704968944101
2023-03-05,-0.048954270186335413
2023-03-06,-0.049361180124223615
2023-03-07,-0.04935226708074535
2023-03-08,-0.05231740683229815
2023-03-09,-0.055838090062111816
2023-03-10,-0.057854549689441016
2023-03-11,-0.05850614906832299
2023-03-12,-0.0596860093167702
2023-03-13,-0.06066513975155281
2023-03-14,-0.05935246894409938
2023-03-15,-0.05869408385093168
2023-03-16,-0.05698397515527951
2023-03-17,-0.053183478260869554
2023-03-18,-0.04869318322981366
2023-03-19,-0.04541029503105589
2023-03-20,-0.04233085403726708
2023-03-21,-0.03912437888198758
2023-03-22,-0.037297779503105595
2023-03-23,-0.0351651397515528
2023-03-24,-0.03136604037267081
2023-03-25,-0.02753658385093168
2023-03-26,-0.02502428571428572
2023-03-27,-0.022054254658385092
2023-03-28,-0.019154083850931675
2023-03-29,-0.01745420807453416
2023-03-30,-0.015374052795031049
2023-03-31,-0.011638012422360244
2023-04-01,-0.0070895652173912985
2023-04-02,-0.002892111801242234
2023-04-03,0.0020987267080745343
2023-04-04,0.007392608695652172
2023-04-05,0.01056781055900621
2023-04-06,0.01209565217391304
2023-04-07,0.012436506211180124
2023-04-08,0.011394052795031053
2023-04-09,0.00856888198757764
2023-04-10,0.0072608850931677035
2023-04-11,0.007672546583850931
2023-04-12,0.007706257763975155
2023-04-13,0.0078023913043478235
2023-04-14,0.008120729813664596
2023-04-15,0.007420791925465837
2023-04-16,0.004475372670807451
2023-04-17,0.0033245496894409926
2023-04-18,0.0037324999999999984
2023-04-19,0.003620683229813663
2023-04-20,0.0038857763975155275
2023-04-21,0.004336956521739129
2023-04-22,0.0035193788819875755
2023-04-23,0.0012275776397515496
2023-04-24,0.0007396118012422327
2023-04-25,0.0011049844720496884
2023-04-26,0.0009070031055900626
2023-04-27,0.0001947204968944135
2023-04-28,-0.00019551242236024471
2023-04-29,-0.0016974223602484434
2023-04-30,-0.003557810559006208
2023-05-01,-0.0034494720496894386
2023-05-02,-0.002002468944099379
2023-05-03,-0.00112423913043478
2023-05-04,-0.0011944565217391265
2023-05-05,-0.000825714285714283
2023-05-06,-0.0012224068322981376
2023-05-07,-0.002087003105590066
2023-05-08,-0.0021102173913043545
2023-05-09,1.015527950310008e-05
2023-05-10,0.0011688198757763928
2023-05-11,0.00158560559006211
2023-05-12,0.0017015062111801211
2023-05-13,0.0005462888198757715
2023-05-14,-0.0011286801242236092
2023-05-15,-0.0020750776397515593
2023-05-16,-0.0010005900621118107
2023-05-17,-0.0007634472049689568
2023-05-18,-0.00017493788819877043
2023-05-19,0.0004078416149068192
2023-05-20,-7.29813664596424e-05
2023-05-21,-0.0013607919254658555
2023-05-22,-0.0011988975155279664
2023-05-23,-0.00011482919254659833
2023-05-24,-0.00012164596273293384
2023-05-25,-0.0001543788819875918
2023-05-26,0.0002303726708074369
2023-05-27,2.790372670805601e-05
2023-05-28,-0.0009631521739130612
2023-05-29,0.0031031521739130273
2023-05-30,0.006970450310558991
2023-05-31,0.009321568322981356
2023-06-01,0.00950392857142856
2023-06-02,0.008497282608695639
2023-06-03,0.005457779503105575
2023-06-04,0.0004181677018633435
2023-06-05,-0.0004505434782608765
2023-06-06,0.0007149534161490644
2023-06-07,0.002311242236024842
2023-06-08,0.004414627329192545
2023-06-09,0.0069822204968944075
2023-06-10,0.008241801242236025
2023-06-11,0.008408447204968942
2023-06-12,0.008311630434782611
2023-06-13,0.008199099378881993
2023-06-14,0.0070819409937888265
2023-06-15,0.006241506211180128
2023-06-16,0.005997841614906835
2023-06-17,0.0044632453416149085
2023-06-18,0.00212472049689441
2023-06-19,0.002035139751552794
2023-06-20,0.0025334006211180132
2023-06-21,-0.0011434006211180096
2023-06-22,-0.004236754658385089
2023-06-23,-0.005515388198757759
2023-06-24,-0.006579363354037264
2023-06-25,-0.007943260869565216
2023-06-26,-0.005717204968944095
2023-06-27,-0.0003511024844720487
2023-06-28,0.0017171428571428548
2023-06-29,0.0022436801242235963
2023-06-30,0.0028956211180124155
2023-07-01,0.0009817391304347766
2023-07-02,-0.0033112267080745356
2023-07-03,-0.00607467391304348
2023-07-04,-0.007266413043478261
2023-07-05,-0.0071423447204969
2023-07-06,-0.006108012422360254
2023-07-07,-0.0039916770186335495
2023-07-08,-0.002819347826086963
2023-07-09,-0.003143447204968949
2023-07-10,-0.0010302018633540414
2023-07-11,0.0016071894409937883
2023-07-12,0.002781226708074534
2023-07-13,0.0035207608695652167
2023-07-14,0.0036523447204968953
2023-07-15,0.0027008540372670834
2023-07-16,4.67391304347847e-05
2023-07-17,-0.00012060559006211057
2023-07-18,0.0009161024844720521
2023-07-19,0.0006001863354037308
2023-07-20,-0.000410590062111799
2023-07-21,-0.0008896894409937821
2023-07-22,-0.001913431677018625
2023-07-23,-0.004024316770186328
2023-07-24,-0.0036879968944099305
2023-07-25,-0.0014595807453416081
2023-07-26,-3.307453416148347e-05
2023-07-27,0.0008675931677018707
2023-07-28,0.001736956521739136
2023-07-29,0.001728431677018641
2023-07-30,0.0005108229813664672
2023-07-31,0.0006584316770186406
2023-08-01,0.002505559006211189
2023-08-02,0.003157531055900631
2023-08-03,0.003685434782608701
2023-08-04,0.004221459627329202
2023-08-05,0.0038809782608695696
2023-08-06,0.0030132763975155292
2023-08-07,0.003867298136645965
2023-08-08,0.007163074534161491
2023-08-09,0.009471257763975158
2023-08-10,0.012175108695652175
2023-08-11,0.014777018633540372
2023-08-12,0.015166537267080749
2023-08-13,0.013522189440993785
2023-08-14,0.01311869565217391
2023-08-15,0.013928416149068323
2023-08-16,0.013242437888198755
2023-08-17,0.012764316770186327
2023-08-18,0.012953152173913038
2023-08-19,0.011530372670807443
2023-08-20,0.009062018633540368
2023-08-21,0.008605357142857137
2023-08-22,0.008497950310558998
2023-08-23,0.007225388198757759
2023-08-24,0.005384394409937881
2023-08-25,0.003967049689440989
2023-08-26,0.001309906832298138
2023-08-27,-0.0019980900621118006
2023-08-28,-0.002434580745341611
2023-08-29,-0.002073990683229806
2023-08-30,-0.0023956987577639704
2023-08-31,-0.0037108074534161423
2023-09-01,-0.004838183229813658
2023-09-02,-0.00731509316770186
2023-09-03,-0.010344720496894411
2023-09-04,-0.009459363354037268
2023-09-05,-0.006287639751552797
2023-09-06,-0.003926987577639751
2023-09-07,-0.0017718478260869586
2023-09-08,0.0014196118012422382
2023-09-09,0.0022835248447205005
2023-09-10,0.0009974068322981392
2023-09-11,0.0027862577639751617
2023-09-12,0.005164301242236028
2023-09-13,0.005081847826086958
2023-09-14,0.00507400621118013
2023-09-15,0.005404922360248454
2023-09-16,0.003920807453416155
2023-09-17,0.000796444099378885
2023-09-18,0.0011934782608695642
2023-09-19,0.0032712422360248387
2023-09-20,0.0040461645962732865
2023-09-21,0.00552107142857142
2023-09-22,0.00638122670807453
2023-09-23,0.005472701863354033
2023-09-24,0.0027985714285714254
2023-09-25,0.0025838819875776352
2023-09-26,0.004398618012422353
2023-09-27,0.008358618012422355
2023-09-28,0.012856397515527947
2023-09-29,0.016658260869565213
2023-09-30,0.01596512422360248
2023-10-01,0.009846614906832297
2023-10-02,0.0036724534161490657
2023-10-03,-0.0028615838509316737
2023-10-04,-0.008163664596273289
2023-10-05,-0.011389953416149063
2023-10-06,-0.011379394409937882
2023-10-07,-0.010582220496894407
2023-10-08,-0.009824611801242236
2023-10-09,-0.006206102484472049
2023-10-10,-0.0012312732919254662
2023-10-11,0.004995947204968943
2023-10-12,0.00922409937888199
2023-10-13,0.011279720496894408
2023-10-14,0.010336801242236023
2023-10-15,0.007597204968944093
2023-10-16,0.004784006211180117
2023-10-17,0.0026049999999999936
2023-10-18,0.002666024844720492
2023-10-19,0.0025146894409937867
2023-10-20,-0.0009624378881987587
2023-10-21,-0.007006723602484474
2023-10-22,-0.013259565217391307
2023-10-23,-0.014772344720496901
2023-10-24,-0.010606894409937902
2023-10-25,-0.0040261645962733055
2023-10-26,0.00438628881987576
2023-10-27,0.009396645962732897
2023-10-28,0.010461987577639728
2023-10-29,0.008335807453416126
2023-10-30,0.007831071428571408
2023-10-31,0.007987468944099357
2023-11-01,0.007394518633540348
2023-11-02,0.00657287267080743
2023-11-03,0.0017670652173912829
2023-11-04,-0.004314316770186355
2023-11-05,-0.00953759316770188
2023-11-06,-0.010108788819875793
2023-11-07,-0.0075392391304347954
2023-11-08,-0.0025490062111801397
2023-11-09,0.003920543478260851
2023-11-10,0.006375217391304333
2023-11-11,0.005107142857142843
2023-11-12,0.0015537577639751392
2023-11-13,0.00040940993788818417
2023-11-14,0.0009219720496894285
2023-11-15,0.0012634627329192484
2023-11-16,0.001517717391304344
2023-11-17,0.0013166149068322972
2023-11-18,-0.0006767080745341658
2023-11-19,-0.0030080900621118037
2023-11-20,-0.0013153881987577646
2023-11-21,0.0031843788819875722
2023-11-22,0.006195916149068316
2023-11-23,0.008987329192546578
2023-11-24,0.011681257763975151
2023-11-25,0.011209953416149065
2023-11-26,0.008715714285714283
2023-11-27,0.009842717391304337
2023-11-28,0.012458260869565207
2023-11-29,0.012865822981366449
2023-11-30,0.012995962732919242
2023-12-01,0.014200900621118005
2023-12-02,0.012523183229813656
2023-12-03,0.00980406832298136
2023-12-04,0.012263928571428563
2023-12-05,0.01749714285714285
2023-12-06,0.022166987577639737
2023-12-07,0.026163788819875765
2023-12-08,0.030685046583850913
2023-12-09,0.0313035559006211
2023-12-10,0.029730791925465818
2023-12-11,0.0327059161490683
2023-12-12,0.0377741614906832
2023-12-13,0.04077549689440991
2023-12-14,0.0411670962732919
2023-12-15,0.041367204968944075
2023-12-16,0.038058850931677005
2023-12-17,0.031844192546583834
2023-12-18,0.03195698757763973
2023-12-19,0.035539673913043454
2023-12-20,0.03735024844720495
2023-12-21,0.03695489130434781
2023-12-22,0.036849596273291915
2023-12-23,0.03604538819875776
2023-12-24,0.0323945807453416
2023-12-25,0.03470824534161489
2023-12-26,0.03920872670807451
2023-12-27,0.04036976708074532
2023-12-28,0.03822784161490681
2023-12-29,0.03382141304347824
2023-12-30,0.02955060559006209
2023-12-31,0.02429593167701862
2024-01-01,0.023381242236024825
2024-01-02,0.027054285714285687
2024-01-03,0.02781490683229812
2024-01-04,0.026288167701863346
2024-01-05,0.022277080745341616
2024-01-06,0.019162251552795027
2024-01-07,0.015404999999999992
2024-01-08,0.015333354037267068
2024-01-09,0.023035419254658376
2024-01-10,0.029840155279503098
2024-01-11,0.034662748447204954
2024-01-12,0.036683944099378876
2024-01-13,0.03837035714285714
2024-01-14,0.03720357142857142
2024-01-15,0.03516186335403725
2024-01-16,0.03639518633540372
2024-01-17,0.03442964285714287
2024-01-18,0.030667919254658404
2024-01-19,0.026542111801242246
2024-01-20,0.023504394409937904
2024-01-21,0.021990543478260884
2024-01-22,0.022052049689441005
2024-01-23,0.023323152173913057
2024-01-24,0.022986040372670824
2024-01-25,0.018931273291925496
2024-01-26,0.013287872670807485
2024-01-27,0.007870838509316785
2024-01-28,0.004642018633540387
2024-01-29,0.0035101708074534274
2024-01-30,0.002119518633540384
2024-01-31,-8.850931676963699e-07
2024-02-01,-0.008043944099378886
2024-02-02,-0.018491366459627324
2024-02-03,-0.027240450310559005
2024-02-04,-0.03125670807453416
2024-02-05,-0.030280450310559003
2024-02-06,-0.02798608695652174
2024-02-07,-0.02730307453416149
2024-02-08,-0.0312260248447205
2024-02-09,-0.03694417701863355
2024-02-10,-0.04168138198757766
2024-02-11,-0.04453392857142859
2024-02-12,-0.04284052795031058
2024-02-13,-0.04099818322981367
2024-02-14,-0.042030931677018636
2024-02-15,-0.044864130434782615
2024-02-16,-0.04811658385093168
2024-02-17,-0.04971068322981367
2024-02-18,-0.04821166149068324
2024-02-19,-0.04456118012422361
2024-02-20,-0.04002343167701865
2024-02-21,-0.037653509316770195
2024-02-22,-0.03426981366459627
2024-02-23,-0.031201708074534165
2024-02-24,-0.028157810559006208
2024-02-25,-0.02532546583850932
2024-02-26,-0.024324177018633545
2024-02-27,-0.02587847826086957
2024-02-28,-0.0307966149068323
2024-02-29,-0.03156604037267081
2024-03-01,-0.028498866459627337
2024-03-02,-0.022947422360248448
2024-03-03,-0.01823139751552796
2024-03-04,-0.014589968944099386
2024-03-05,-0.014854239130434795
2024-03-06,-0.020147593167701882
2024-03-07,-0.02386156832298139
2024-03-08,-0.0251542391304348
2024-03-09,-0.0258221739130435
2024-03-10,-0.02774436335403729
2024-03-11,-0.03054124223602487
2024-03-12,-0.035697686335403746
2024-03-13,-0.04142147515527952
2024-03-14,-0.04641301242236026
2024-03-15,-0.04882225155279505
2024-03-16,-0.05088824534161492
2024-03-17,-0.052822546583850945
2024-03-18,-0.05090512422360249
2024-03-19,-0.04785948757763976
2024-03-20,-0.04334759316770187
2024-03-21,-0.03840175465838511
2024-03-22,-0.03445588509316771
2024-03-23,-0.036142763975155284
2024-03-24,-0.04172883540372672
2024-03-25,-0.045537344720496906
2024-03-26,-0.04660681677018635
2024-03-27,-0.04621782608695652
2024-03-28,-0.04208113354037267
2024-03-29,-0.035875000000000004
2024-03-30,-0.03183804347826087
2024-03-31,-0.029736677018633546
2024-04-01,-0.02685728260869566
2024-04-02,-0.021685295031055908
2024-04-03,-0.01575431677018634
2024-04-04,-0.008504301242236027
2024-04-05,-0.0011437422360248484
2024-04-06,0.00410683229813664
2024-04-07,0.005545885093167691
2024-04-08,0.006877437888198751
2024-04-09,0.008297468944099372
2024-04-10,0.006768198757763968
2024-04-11,0.004754906832298131
2024-04-12,0.002828804347826084
2024-04-13,-0.00015037267080745642
2024-04-14,-0.003296630434782615
2024-04-15,-0.0027543167701863398
2024-04-16,0.0005080590062111775
2024-04-17,0.0013206832298136631
2024-04-18,0.0018803260869565206
2024-04-19,0.002797872670807455
2024-04-20,0.002007763975155281
2024-04-21,0.00034847826086956813
2024-04-22,0.0008734627329192584
2024-04-23,0.00303133540372671
2024-04-24,0.003967748447204971
2024-04-25,0.00457521739130435
2024-04-26,0.00473585403726708
2024-04-27,0.003078354037267081
2024-04-28,-0.0005121118012422346
2024-04-29,-0.0021855590062111784
2024-04-30,-0.0017865838509316734
2024-05-01,-0.0024013819875776375
2024-05-02,-0.0029164440993788795
2024-05-03,-0.003259689440993784
2024-05-04,-0.0046206055900621075
2024-05-05,-0.007109689440993787
2024-05-06,-0.006879549689440989
2024-05-07,-0.004333043478260867
2024-05-08,-0.0030252639751552775
2024-05-09,-0.0017671428571428543
2024-05-10,0.00011961180124223862
2024-05-11,0.0004792391304347842
2024-05-12,-0.0007214906832298109
2024-05-13,-0.000994332298136643
2024-05-14,-0.0005301708074534151
2024-05-15,-0.0016415217391304358
2024-05-16,-0.0028413975155279496
2024-05-17,-0.0021220652173913022
2024-05-18,-0.0022139906832298116
2024-05-19,-0.002710077639751548
2024-05-20,-0.0016695186335403717
2024-05-21,0.00033386645962732935
2024-05-22,0.000457344720496895
2024-05-23,5.795031055900703e-05
2024-05-24,0.0008390062111801238
2024-05-25,0.00047892857142857145
2024-05-26,-0.0010149689440993803
2024-05-27,-0.0004670962732919273
2024-05-28,0.0011597360248447191
2024-05-29,0.0015094099378881961
2024-05-30,0.0012149378881987551
2024-05-31,0.0012520652173913028
2024-06-01,0.00022880434782608604
2024-06-02,-0.002259844720496896
2024-06-03,-0.0030469409937888227
2024-06-04,-0.0025633850931677054
2024-06-05,-0.001161925465838514
2024-06-06,0.00022400621118012006
2024-06-07,0.001941133540372667
2024-06-08,0.0024208850931676956
2024-06-09,0.0004305279503105508
2024-06-10,0.00028677018633539736
2024-06-11,0.0009887888198757684
2024-06-12,0.0019343322981366397
2024-06-13,0.0024303726708074487
2024-06-14,0.003642298136645958
2024-06-15,0.0033254037267080707
2024-06-16,0.0005776863354037253
2024-06-17,-0.00015372670807453713
2024-06-18,0.0005448291925465806
2024-06-19,0.0006734937888198719
2024-06-20,0.00040538819875776173
2024-06-21,0.0009352018633540362
2024-06-22,0.00030659937888198884
2024-06-23,-0.0015274689440993782
2024-06-24,-0.0018015993788819899
2024-06-25,6.599378881984308e-06
2024-06-26,0.0014318012422360226
2024-06-27,0.0026523757763975094
2024-06-28,0.0034662422360248386
2024-06-29,0.002813835403726702
2024-06-30,0.0006481366459627284
2024-07-01,-0.00039802795031056084
2024-07-02,0.00023920807453415763
2024-07-03,0.0002443322981366407
2024-07-04,0.00011652173913043079
2024-07-05,-8.47049689441036e-05
2024-07-06,-0.0009486335403726765
2024-07-07,-0.0029554037267080792
2024-07-08,-0.0025309937888198823
2024-07-09,-0.0006187111801242293
2024-07-10,0.0006835093167701819
2024-07-11,0.001808245341614903
2024-07-12,0.0028345031055900575
2024-07-13,0.002699767080745336
2024-07-14,0.0006873291925465783
2024-07-15,0.00048309006211179415
2024-07-16,0.001421288819875771
2024-07-17,0.0017339285714285683
2024-07-18,0.0015517701863354022
2024-07-19,0.0015267546583850908
2024-07-20,0.0008579347826086952
2024-07-21,-0.0009844409937888189
2024-07-22,-0.0011778881987577644
2024-07-23,5.9503105590062724e-05
2024-07-24,0.0005970341614906827
2024-07-25,0.0004891304347826083
2024-07-26,2.2888198757765517e-05
2024-07-27,-0.0009144254658385086
2024-07-28,-0.0024225621118012406
2024-07-29,-0.001579363354037265
2024-07-30,0.0008514285714285717
2024-07-31,0.0023833229813664614
2024-08-01,0.0034898913043478258
2024-08-02,0.004141381987577639
2024-08-03,0.003495031055900621
2024-08-04,0.0018716614906832299
2024-08-05,0.002226599378881986
2024-08-06,0.004664751552795026
2024-08-07,0.007314440993788814
2024-08-08,0.010411413043478252
2024-08-09,0.012525652173913032
2024-08-10,0.012279906832298128
2024-08-11,0.010443602484472044
2024-08-12,0.00889576086956521
2024-08-13,0.008585388198757758
2024-08-14,0.009596149068322974
2024-08-15,0.011117701863354024
2024-08-16,0.012445403726708062
2024-08-17,0.011864285714285702
2024-08-18,0.010102732919254644
2024-08-19,0.008964611801242221
2024-08-20,0.008570015527950298
2024-08-21,0.008675372670807441
2024-08-22,0.008014301242236014
2024-08-23,0.0070838198757763845
2024-08-24,0.0051421894409937755
2024-08-25,0.0022140372670807333
2024-08-26,0.0009386335403726557
2024-08-27,0.0006450310559006046
2024-08-28,0.000348819875776381
2024-08-29,-0.0007176708074534299
2024-08-30,-0.0022689906832298267
2024-08-31,-0.0051025931677018774
2024-09-01,-0.007909394409937901
2024-09-02,-0.007406319875776412
2024-09-03,-0.005434860248447218
2024-09-04,-0.002783012422360262
2024-09-05,0.0015828726708074395
2024-09-06,0.0038595186335403596
2024-09-07,0.004829658385093159
2024-09-08,0.005086925465838504
2024-09-09,0.008008586956521735
2024-09-10,0.010707468944099378
2024-09-11,0.011197484472049688
2024-09-12,0.011796335403726705
2024-09-13,0.00908925465838509
2024-09-14,0.0051106832298136555
2024-09-15,0.0008847049689440959
2024-09-16,0.0002504813664596237
2024-09-17,0.0020914906832298066
2024-09-18,0.003945419254658378
2024-09-19,0.005792903726708071
2024-09-20,0.007107624223602482
2024-09-21,0.006829627329192544
2024-09-22,0.004402779503105586
2024-09-23,0.002402003105590057
2024-09-24,0.0022055124223602425
2024-09-25,0.0016475931677018552
2024-09-26,0.0032493322981366384
2024-09-27,0.006540590062111795
2024-09-28,0.0063570807453416055
2024-09-29,0.005398586956521733
2024-09-30,0.01084431677018633
2024-10-01,0.017753742236024838
2024-10-02,0.02084815217391303
2024-10-03,0.02265203416149067
2024-10-04,0.024721506211180105
2024-10-05,0.020630186335403713
2024-10-06,0.013670683229813648
2024-10-07,0.014463354037267067
2024-10-08,0.018000698757763965
2024-10-09,0.021133524844720482
2024-10-10,0.02183082298136645
2024-10-11,0.02180499999999999
2024-10-12,0.019106583850931672
2024-10-13,0.014798524844720494
2024-10-14,0.01400667701863354
2024-10-15,0.014557096273291931
2024-10-16,0.015314347826086965
2024-10-17,0.015130388198757776
2024-10-18,0.014029844720496905
2024-10-19,0.008846630434782616
2024-10-20,0.0006519254658385151
2024-10-21,-0.0030883385093167593
2024-10-22,-0.004402562111801231
2024-10-23,-0.011916397515527944
2024-10-24,-0.019369813664596267
2024-10-25,-0.023844114906832286
2024-10-26,-0.027758881987577623
2024-10-27,-0.03110628881987576
2024-10-28,-0.02701627329192545
2024-10-29,-0.017675201863354018
2024-10-30,-0.013877034161490666
2024-10-31,-0.012339145962732908
2024-11-01,-0.013008385093167688
2024-11-02,-0.01439911490683228
2024-11-03,-0.016979301242236015
2024-11-04,-0.015652562111801233
2024-11-05,-0.01242041925465838
2024-11-06,-0.010531894409937886
2024-11-07,-0.008179239130434782
2024-11-08,-0.0057544254658385115
2024-11-09,-0.004967701863354044
2024-11-10,-0.005438695652173925
2024-11-11,-0.0024798757763975234
2024-11-12,0.0019857608695652124
2024-11-13,0.003723540372670802
2024-11-14,0.0037208695652173854
2024-11-15,0.004294642857142856
2024-11-16,0.0022710093167701826
2024-11-17,-0.0007987732919254722
2024-11-18,-0.00015670807453416706
2024-11-19,0.0028375310559006156
2024-11-20,0.0044920031055900545
2024-11-21,0.005281645962732911
2024-11-22,0.00524318322981366
2024-11-23,0.003192763975155277
2024-11-24,0.004030341614906831
2024-11-25,0.009120357142857138
2024-11-26,0.01498192546583851
2024-11-27,0.017367841614906832
2024-11-28,0.017593198757763977
2024-11-29,0.014861878881987575
2024-11-30,0.00795680124223602
2024-12-01,0.0022960093167701877
2024-12-02,0.0020935248447205034
2024-12-03,0.004757515527950322
2024-12-04,0.010123431677018646
2024-12-05,0.017221521739130448
2024-12-06,0.02457520186335405
2024-12-07,0.029267531055900627
2024-12-08,0.030513105590062116
2024-12-09,0.03462599378881988
2024-12-10,0.03848979813664596
2024-12-11,0.04098576086956522
2024-12-12,0.04285742236024845
2024-12-13,0.04404307453416149
2024-12-14,0.04183815217391304
2024-12-15,0.038568043478260865
2024-12-16,0.04150360248447204
2024-12-17,0.044057919254658365
2024-12-18,0.042078260869565204
2024-12-19,0.03958220496894409
2024-12-20,0.038465201863354025
2024-12-21,0.036137608695652156
2024-12-22,0.03602142857142856
2024-12-23,0.04455121118012421
2024-12-24,0.053099984472049666
2024-12-25,0.05642749999999998
2024-12-26,0.05587310559006209
2024-12-27,0.04952499999999997
2024-12-28,0.03940940993788817
2024-12-29,0.028798586956521707
2024-12-30,0.025317391304347785
2024-12-31,0.02596805900621114
2025-01-01,0.025002655279503072
2025-01-02,0.024497484472049656
2025-01-03,0.021079270186335368
2025-01-04,0.015858431677018597
2025-01-05,0.009894953416149023
2025-01-06,0.010192375776397478
2025-01-07,0.011658586956521704
2025-01-08,0.06429590062111798
2025-01-09,0.1632572670807453
2025-01-10,0.280339301242236
2025-01-11,0.395768602484472
2025-01-12,0.4934946428571428
2025-01-13,0.5602981211180124
2025-01-14,0.5670616459627329
2025-01-15,0.570359456521739
2025-01-16,0.572611304347826
2025-01-17,0.5662465683229813
2025-01-18,0.5537275776397514
2025-01-19,0.5453455279503104
2025-01-20,0.546706304347826
2025-01-21,0.5471320031055898
2025-01-22,0.5435240993788818
2025-01-23,0.532710450310559
2025-01-24,0.5140928416149068
2025-01-25,0.490443804347826
2025-01-26,0.4742598757763974
2025-01-27,0.4759175931677018
2025-01-28,0.4812602173913043
2025-01-29,0.4745421273291925
2025-01-30,0.46236368012422346
2025-01-31,0.3932609627329192
2025-02-01,0.27869158385093157
2025-02-02,0.16010625776397505
2025-02-03,0.06459736024844707
2025-02-04,-0.010594984472049825
2025-02-05,-0.0463047670807455
2025-02-06,-0.03138552795031076
2025-02-07,-0.02981868012422379
2025-02-08,-0.045177577639751706
2025-02-09,-0.06461712732919275
2025-02-10,-0.07880082298136663
2025-02-11,-0.1076529503105592
2025-02-12,-0.1431558540372672
2025-02-13,-0.17369322981366475
2025-02-14,-0.1932483540372672
2025-02-15,-0.20014715838509337
2025-02-16,-0.19629756211180147
2025-02-17,-0.17192622670807464
2025-02-18,-0.15068026397515544
2025-02-19,-0.15113394409937908
2025-02-20,-0.15894018633540394
2025-02-21,-0.1583371428571431
2025-02-22,-0.15714225155279518
2025-02-23,-0.15972364906832318
2025-02-24,-0.1565729192546586
2025-02-25,-0.16456236024844745
2025-02-26,-0.19468824534161513
2025-02-27,-0.22884976708074553
2025-02-28,-0.26786979813664613
2025-03-01,-0.3001797981366461
2025-03-02,-0.3224487267080747
2025-03-03,-0.32267135093167715
2025-03-04,-0.3079325000000001
2025-03-05,-0.2916689906832299
2025-03-06,-0.26491642857142866
2025-03-07,-0.23924888198757777
2025-03-08,-0.22048572981366465
2025-03-09,-0.21553701863354044
2025-03-10,-0.2195641149068323
2025-03-11,-0.22874282608695654
2025-03-12,-0.2527674689440994
2025-03-13,-0.2759269409937889
2025-03-14,-0.28981760869565226
2025-03-15,-0.2959724689440994
2025-03-16,-0.29594427018633546
2025-03-17,-0.2846350621118013
2025-03-18,-0.2641190062111802
2025-03-19,-0.24102717391304349
2025-03-20,-0.21599079192546583
2025-03-21,-0.19159978260869562
2025-03-22,-0.17525453416149064
2025-03-23,-0.17039037267080745
2025-03-24,-0.16426933229813664
2025-03-25,-0.15905293478260868
2025-03-26,-0.15181312111801237
2025-03-27,-0.1415241149068323
2025-03-28,-0.12695440993788823
2025-03-29,-0.11405860248447207
2025-03-30,-0.10775437888198758
2025-03-31,-0.09521644409937889
2025-04-01,-0.07886841614906834
2025-04-02,-0.06037855590062114
2025-04-03,-0.038461863354037305
2025-04-04,-0.014468245341614937
2025-04-05,0.0035312267080745
2025-04-06,0.012791692546583829
2025-04-07,0.02371763975155276
2025-04-08,0.037281335403726676
2025-04-09,0.045191816770186286
2025-04-10,0.05816082298136643
2025-04-11,0.05709549689440991
2025-04-12,0.044337701863354
2025-04-13,0.025529409937888166
2025-04-14,0.016302810559006186
2025-04-15,0.02100066770186334
2025-04-16,0.02520251552795029
2025-04-17,0.04163228260869563
2025-04-18,0.048593090062111786
2025-04-19,0.043596568322981366
2025-04-20,0.028077142857142863
2025-04-21,0.0204203105590062
2025-04-22,0.021899860248447204
2025-04-23,0.02173076086956522
2025-04-24,0.024557329192546593
2025-04-25,0.0289817391304348
2025-04-26,0.027955916149068342
2025-04-27,0.01827841614906833
2025-04-28,0.017630232919254675
2025-04-29,0.02551819875776398
2025-04-30,0.02858434782608699
2025-05-01,0.026104378881987602
2025-05-02,0.024920760869565246
2025-05-03,0.008936304347826109
2025-05-04,-0.010072003105590045
2025-05-05,-0.01646069875776396
2025-05-06,-0.011743152173913028
2025-05-07,-0.005436149068322981
2025-05-08,-0.004675295031055926
2025-05-09,-0.0005806055900621294
2025-05-10,-0.009221086956521757
2025-05-11,-0.018185590062111824
2025-05-12,-0.020197732919254675
2025-05-13,-0.0165257142857143
2025-05-14,-0.012670481366459633
2025-05-15,-0.01262537267080749
2025-05-16,-0.013307344720496933
2025-05-17,-0.019952515527950354
2025-05-18,-0.028412562111801282
2025-05-19,-0.02835900621118017
2025-05-20,-0.02204072981366462
2025-05-21,-0.014104829192546606
2025-05-22,-0.008288183229813695
2025-05-23,-0.0023588043478261355
2025-05-24,-0.0045202950310559275
2025-05-25,-0.018196723602484494
2025-05-26,-0.02213930124223605
2025-05-27,-0.018523633540372685
2025-05-28,-0.015401133540372666
2025-05-29,-0.014682515527950314
2025-05-30,-0.014829099378881995
2025-05-31,-0.01764440993788819
2025-06-01,-0.02889440993788818
2025-06-02,-0.030850155279503088
2025-06-03,-0.026775093167701835
2025-06-04,-0.02071607142857141
2025-06-05,-0.011280900621117999
2025-06-06,-0.007188975155279501
2025-06-07,-0.0064478416149068045
2025-06-08,-0.010875170807453401
2025-06-09,-0.005055698757763961
2025-06-10,-0.00041700310559003963
