date,gonjiam_mom,hwadam_mom
2023-01-01,1.0,1.0
2023-01-02,1.111139575721739,0.8221717825247661
2023-01-03,1.0067757060212443,0.9043787508335187
2023-01-04,0.9328023650750772,0.8954928637968511
2023-01-05,0.9388199242028759,0.9678451521952849
2023-01-06,0.9814107306259745,1.0763212372138333
2023-01-07,0.9910364009302141,1.1549744208954276
2023-01-08,0.9524743778871265,1.7551399167437558
2023-01-09,1.0309840454818604,1.0938172988177384
2023-01-10,0.9312483736634155,0.8688567218514345
2023-01-11,0.9092528953293207,0.8629536223419789
2023-01-12,0.8667515889633995,0.8402795292139554
2023-01-13,0.9429536496585665,0.7975578132970583
2023-01-14,0.9373495951522619,1.0572037113596282
2023-01-15,1.0811641836677968,0.9871142563076762
2023-01-16,1.0212090575276636,0.9138362379680278
2023-01-17,0.955099270581486,0.9018407539492872
2023-01-18,0.8979986674800005,0.8376561301115709
2023-01-19,0.8981527690078726,0.8092417215531912
2023-01-20,1.0005677843284146,0.7513287749671594
2023-01-21,0.8752267582840029,1.0186565297854249
2023-01-22,1.0803049323534408,1.5745521778158869
2023-01-23,1.2180593632479686,1.4706926406926406
2023-01-24,0.9192266959205286,0.8668580824374993
2023-01-25,1.0159910673872963,0.8371382716663763
2023-01-26,1.0042798660215855,0.8147081365737878
2023-01-27,0.9843981242653093,0.8217976956963741
2023-01-28,0.9283015238546262,0.9872539720180222
2023-01-29,0.8882334450907847,1.100238931483434
2023-01-30,0.9795357998034883,1.0352112676056338
2023-01-31,0.8791261509251654,1.0705094364524217
2023-02-01,0.8584481897883097,1.044999807116129
2023-02-02,0.8891383053123678,1.1219916706593447
2023-02-03,0.9797632814728322,1.1496537977339487
2023-02-04,1.0039790941162865,1.2800634748616324
2023-02-05,0.9199857729533774,1.3106748466257667
2023-02-06,1.0144981659938574,1.1027101940252542
2023-02-07,0.8976557205948953,1.0291081295907911
2023-02-08,0.8626376118106698,0.9721049555108139
2023-02-09,0.8730154938325385,1.0078254190575158
2023-02-10,0.9879152454157938,1.037261136665329
2023-02-11,1.0071118864971649,1.215286281771751
2023-02-12,0.9127146411950747,1.1118856227568
2023-02-13,1.0188587540649814,1.4091412038394624
2023-02-14,0.9090808957938186,1.1361744891502588
2023-02-15,0.8620300152944175,1.1136346825125658
2023-02-16,0.8374486554654109,0.9219715709039294
2023-02-17,0.8890482469854131,0.9862699156513589
2023-02-18,0.8664180964813292,1.0820262337185838
2023-02-19,0.9100874972616837,1.0553458840245094
2023-02-20,0.9684023676600472,1.018981889314955
2023-02-21,0.8972733808860441,1.0361023821917192
2023-02-22,0.8168633621546982,1.3516302880868114
2023-02-23,0.8339252256533094,1.360423754812569
2023-02-24,0.8992468526951014,1.219045355802438
2023-02-25,0.8981197161326915,1.2053201385067185
2023-02-26,0.8303275865661196,1.410685189949404
2023-02-27,0.8938254360982093,1.6363386512060096
2023-02-28,0.8301980850678137,1.511590118363412
2023-03-01,0.6930820773948624,1.2729588741962878
2023-03-02,0.569210939251289,1.2080847565002897
2023-03-03,0.6508558491317111,1.1330319463567633
2023-03-04,0.5885648794059699,1.0404518882805973
2023-03-05,0.7407183875689675,1.048047584102584
2023-03-06,0.9624842811233756,1.3512116106358514
2023-03-07,1.0964753467388708,1.1713211498476814
2023-03-08,1.123477476138987,1.4883602052247689
2023-03-09,1.151143867262762,1.7086544386389917
2023-03-10,1.2040826825529114,1.839678809564064
2023-03-11,0.9379375360067038,0.8559996592176524
2023-03-12,0.8502605976372481,0.7543511021548924
2023-03-13,1.0931821379875881,0.9476191149321626
2023-03-14,1.05039856621869,0.9800666254152001
2023-03-15,1.0940526957230987,1.063837725798304
2023-03-16,1.1228041744992547,1.4123694554462862
2023-03-17,1.1864679373875382,1.28987495481132
2023-03-18,0.9530246417465708,0.8676642037386975
2023-03-19,0.9289312208077662,0.8764202459506638
2023-03-20,1.1286440714027361,1.0663338993487714
2023-03-21,1.028671419421548,1.040869887195151
2023-03-22,0.9346482444336343,1.1640215981015063
2023-03-23,1.09288384993269,1.3661418990768552
2023-03-24,1.0392072165769906,1.2816949669705144
2023-03-25,0.9447408140438996,1.0469661682257405
2023-03-26,0.9750030216803002,1.1652870473982897
2023-03-27,1.135504135522421,1.3622393846005711
2023-03-28,1.2121770241647745,1.2464935205691208
2023-03-29,1.044036267625072,1.280180736092531
2023-03-30,1.0520619860131415,1.3620659139098825
2023-03-31,1.0507794061297364,1.459444001576544
2023-04-01,0.9199939329813731,1.1177086417553117
2023-04-02,0.8403331564480204,0.8548154165815319
2023-04-03,1.1053399236843153,0.7481608135587576
2023-04-04,1.0410745571345144,0.6345589361390066
2023-04-05,0.9417718698945492,0.5958991509521409
2023-04-06,1.012599208752546,0.681468342396692
2023-04-07,1.0551549274767889,0.8258222817049927
2023-04-08,0.9279017473610291,0.8622291979608668
2023-04-09,0.8248709291785447,0.8024831144210076
2023-04-10,1.130636325326591,0.7361398052704454
2023-04-11,1.0541950857190256,0.7032216507372692
2023-04-12,1.0162160648791916,0.7985149158406462
2023-04-13,1.0405790368587806,0.8476198361025118
2023-04-14,0.9076047856324442,0.9162809820393683
2023-04-15,0.84509263290282,0.9006431857992422
2023-04-16,0.8983748812117838,0.9260846234506708
2023-04-17,1.1431758603379998,0.9376876261093523
2023-04-18,1.0067065910205226,0.8538606670877973
2023-04-19,1.0117456706348427,1.0370314228432325
2023-04-20,0.9824468085106383,0.9799295606538594
2023-04-21,1.0419489337889016,1.239432893584649
2023-04-22,0.9122174916324574,1.2559925091490654
2023-04-23,0.9821918152292148,1.062634657161609
2023-04-24,1.0920444060370673,0.8993711745801918
2023-04-25,1.0182975880452123,0.8107024951416151
2023-04-26,0.9935367538580427,0.8740751841431864
2023-04-27,0.9768119664106215,0.9805099854557965
2023-04-28,1.0278019942243775,1.0031709256156565
2023-04-29,0.9498643205591076,1.0477716279672307
2023-04-30,1.018041454998194,1.2664850822585494
2023-05-01,0.9950846074599456,0.9978192899511594
2023-05-02,1.1812664097930234,0.8828572226410879
2023-05-03,1.0772283743263615,0.741833657581879
2023-05-04,1.0081024064863315,0.665254734615665
2023-05-05,0.9320823318362453,0.7128017328209063
2023-05-06,0.8422990806739857,0.7747845053585286
2023-05-07,0.8431113372560123,0.8595211434593598
2023-05-08,0.994302249724364,0.9691994232283945
2023-05-09,1.0599210620739143,1.0276939977150892
2023-05-10,0.9599231088735811,1.0211193053142211
2023-05-11,1.075111664731682,1.02906417388677
2023-05-12,1.0547758913174532,1.0757221151138356
2023-05-13,0.9049877858315647,1.2067621366889134
2023-05-14,0.9058404643647897,0.9803248596158808
2023-05-15,1.1009551222825014,0.8328467410039044
2023-05-16,1.0568267976379249,0.8796076117597278
2023-05-17,1.0200404446565334,0.8607129135687047
2023-05-18,0.9777860820461717,0.8606268184125353
2023-05-19,1.063164240025688,1.0244196207378047
2023-05-20,0.8956320807450973,1.1699015554224794
2023-05-21,0.9639571104206268,1.021815441180596
2023-05-22,1.8974960180325642,1.0280421893183564
2023-05-23,1.0598971986887689,1.0231017852825532
2023-05-24,0.8899926631475745,0.9245793715475868
2023-05-25,0.9158550111230808,0.954459544032186
2023-05-26,0.9330298516393365,1.075732373507169
2023-05-27,0.8247139821820145,0.9245488467936599
2023-05-28,0.7516408306613118,0.7967154493079929
2023-05-29,0.8491175486330369,0.9567826472588606
2023-05-30,1.13786868427802,0.9282499790236365
2023-05-31,1.069325698131671,1.0161585254655483
2023-06-01,1.299054029218291,1.6197924097588816
2023-06-02,1.1539397539244802,1.2050666189205594
2023-06-03,0.9593192119137917,1.3279435272929283
2023-06-04,1.0081901376210314,1.2902653079744615
2023-06-05,1.0269716371236284,1.2160712080300025
2023-06-06,0.8605132634333145,1.0210079638820233
2023-06-07,0.9706844967910513,0.7093899483575774
2023-06-08,0.9762808240566199,0.6521156897973188
2023-06-09,0.9867334280548093,0.747047816522113
2023-06-10,0.7821716404459663,0.8126383626042155
2023-06-11,0.8454417348416645,0.8482467543945633
2023-06-12,1.1509912348520424,0.8901131644398941
2023-06-13,1.037607148340778,0.9449145422651174
2023-06-14,0.9865287967603085,0.9018001977456209
2023-06-15,1.0181977164146951,0.950124710484684
2023-06-16,1.066392777439643,1.093050151318634
2023-06-17,0.9101279369123274,1.121641433144488
2023-06-18,0.8491650751852163,0.9165210050650511
2023-06-19,1.1504750366752972,0.7264814730205144
2023-06-20,1.115394268020247,0.7949620825088057
2023-06-21,0.989710976954985,0.8148358623623323
2023-06-22,0.9661028045651596,0.9484704311973537
2023-06-23,1.0587429910334631,1.0520772059898376
2023-06-24,0.861983091131453,1.1291087536441644
2023-06-25,0.7999932070196513,0.8733470909686734
2023-06-26,1.058187721776903,0.5906525893635108
2023-06-27,1.0314115477477743,0.7019195426054124
2023-06-28,1.033886273492234,0.676062618818504
2023-06-29,1.0053715857032326,0.6520316356891127
2023-06-30,1.0374136874668753,0.94430228951672
2023-07-01,1.0481888745148773,1.2234053663010271
2023-07-02,0.9355843659184672,1.0976182456057408
2023-07-03,1.227797828879888,0.7990252213501662
2023-07-04,1.0538392440705489,0.7904444609886836
2023-07-05,1.023201439464169,0.9188945804243072
2023-07-06,0.9832279644632118,0.922361593026763
2023-07-07,1.0009185368445577,1.0260824583781718
2023-07-08,0.8925269736953539,1.2435230971688567
2023-07-09,0.8775643653587486,0.8691854000053377
2023-07-10,1.1072534018571512,0.7647188338425359
2023-07-11,0.9267664729429413,0.7359058838804814
2023-07-12,0.9415002372889822,0.7479628843471404
2023-07-13,0.9717432932920296,0.7598927221123599
2023-07-14,1.0074919826482254,0.7623204315215818
2023-07-15,0.8644602151095658,1.068219521069607
2023-07-16,0.8842648720268146,1.1175354797513446
2023-07-17,1.1299821348051666,0.9959824504839392
2023-07-18,1.076305477628442,0.9651678781034785
2023-07-19,1.0323768754214038,1.0685917409049017
2023-07-20,1.0485174002388777,0.9959724551900758
2023-07-21,1.0420070637400838,1.0081478081248565
2023-07-22,0.9464814625676641,1.1394177747258465
2023-07-23,1.0043041428042283,1.0203684580733023
2023-07-24,1.2136897082691747,1.1338539764261157
2023-07-25,1.1532248401376446,1.161139734452824
2023-07-26,1.0731280685036748,1.1229083708100334
2023-07-27,1.0679174611054074,1.1611098348520814
2023-07-28,1.0791018332714566,1.1924205561730972
2023-07-29,0.9289899626481394,1.0735087281912816
2023-07-30,0.971411951348493,0.99609508491026
2023-07-31,1.1401150516182765,0.9572723728481254
2023-08-01,1.227625233991529,1.0136892890171476
2023-08-02,1.1267365970287253,0.9482427518514898
2023-08-03,1.1246525127451257,1.0877857403027125
2023-08-04,1.0471192788398729,1.051291387513351
2023-08-05,0.8327415490314946,0.952154644455827
2023-08-06,0.8744984940132621,0.930090353608312
2023-08-07,1.0851507929563038,0.9159948905900195
2023-08-08,0.9951733900060626,1.0224527266444894
2023-08-09,0.9222636191058005,0.8908029163714488
2023-08-10,0.9746638408617974,0.8640799906298331
2023-08-11,1.0472097308640302,1.3129931395332657
2023-08-12,0.8767480088425227,1.4417281900434042
2023-08-13,0.937433419255841,1.462497642431183
2023-08-14,1.0517597091645512,1.2829779389392222
2023-08-15,0.8859649631480978,1.1099272238619893
2023-08-16,1.0100004340466167,0.9401548741037076
2023-08-17,0.9918554828493584,0.8701800506777014
2023-08-18,0.9831882861465955,0.8751841625650707
2023-08-19,0.8190000212091005,0.9062593270628869
2023-08-20,0.8284844119443183,0.9702778229513418
2023-08-21,1.1493241756514632,1.4164711923164626
2023-08-22,1.034578311943753,1.026239039100467
2023-08-23,0.9847228601507985,1.0337091695781295
2023-08-24,0.9913506608268019,1.0734753310800758
2023-08-25,1.0530734180948063,1.2011411941290373
2023-08-26,0.9150333344463366,1.1901548724639046
2023-08-27,1.0160358907334797,1.5862215243273647
2023-08-28,1.2123338060155027,1.6209726639890922
2023-08-29,1.103965127881939,1.5622808606052774
2023-08-30,1.0052409377614535,1.15491954638154
2023-08-31,1.1449068579353214,1.1839219168334982
2023-09-01,1.223268317249452,1.4854596570840723
2023-09-02,0.9065423428519588,1.2405734984388188
2023-09-03,0.8854925013590288,1.2320811724424887
2023-09-04,1.2238315329008151,1.9842148549363752
2023-09-05,1.0167678490149945,0.9991691557252317
2023-09-06,0.9247461003503905,0.7473753065687584
2023-09-07,0.9555650271652613,0.741147353413464
2023-09-08,0.9054832635395293,0.7464229675611831
2023-09-09,0.7915863485866064,0.8190223014433962
2023-09-10,0.8854104920483465,0.9395858336002428
2023-09-11,1.1140332671153677,1.2679467784606222
2023-09-12,1.0591058802048936,1.1786664436430336
2023-09-13,1.0137373025558174,0.9839232600344103
2023-09-14,1.05900725329754,1.0306464963137405
2023-09-15,0.9797003300235528,0.9546245571109954
2023-09-16,0.9050937124266215,0.844018709473004
2023-09-17,0.862097304639513,1.0803988799410347
2023-09-18,1.1309308110650975,1.3382862803368005
2023-09-19,1.1827530618653828,1.9937833735674342
2023-09-20,1.6333914733511077,5.605938258278229
2023-09-21,1.2505015946172977,1.6997898925474995
2023-09-22,1.0406735011267336,0.47614853055662415
2023-09-23,0.6682832867411227,0.286452108718381
2023-09-24,0.6453413952137961,0.28245296166303435
2023-09-25,0.810415455857815,0.28539410392923636
2023-09-26,0.7333311330245567,0.21394747814030018
2023-09-27,0.8378808749255101,0.4556111430648854
2023-09-28,0.8435754363895653,0.8283026844982779
2023-09-29,0.9656198246756095,1.0820317293016706
2023-09-30,1.1475526586981208,1.1715646016889225
2023-10-01,1.1474152036439216,1.2385216616552563
2023-10-02,1.1402754627598912,1.1776919944859576
2023-10-03,1.0931267311433257,1.0227181383121495
2023-10-04,1.6816595693556353,1.3894952813958887
2023-10-05,1.0954141435959,1.0576634302042316
2023-10-06,0.9763420787995208,1.0658781214609838
2023-10-07,0.796295757046312,0.9055844288780857
2023-10-08,0.7923804810915343,0.959162328365925
2023-10-09,0.8635186292090057,0.9339187792261903
2023-10-10,1.020585704378683,1.0836224746924485
2023-10-11,1.046100373498701,1.0524979740204585
2023-10-12,1.043040830379367,1.0774092494593692
2023-10-13,1.0096169373168922,1.0678118462818913
2023-10-14,0.8615154089160788,0.945665420158913
2023-10-15,0.9108041001691001,1.0009608120197122
2023-10-16,1.1542985169219648,1.2613297243644577
2023-10-17,1.0969087681484335,1.2397208916948843
2023-10-18,1.0556423256836092,1.1531750430178433
2023-10-19,0.9969175389147584,1.1081101431039528
2023-10-20,0.9423677657689534,1.1611203061460083
2023-10-21,0.8170539084521496,1.0021917871313257
2023-10-22,0.9048506994563086,0.9909306629161156
2023-10-23,1.2169276994911953,1.2178993106684954
2023-10-24,1.074472988571406,1.0926038926230481
2023-10-25,1.0079398405408735,1.0249503358398337
2023-10-26,0.984912793286658,1.0103587949988415
2023-10-27,0.9754879709487064,1.1200839273388987
2023-10-28,0.791274824426771,0.9918642081308913
2023-10-29,0.9129804128887603,0.9218068647068872
2023-10-30,1.165634670760594,1.0415020858276718
2023-10-31,1.0859993801458006,0.9363623764707172
2023-11-01,1.130026848694105,0.9178295107452416
2023-11-02,1.1665319435035206,0.9426904666303683
2023-11-03,0.9919489869067581,0.9264028570536939
2023-11-04,0.8171144389046618,0.8023499865357085
2023-11-05,0.8514226393240725,0.6956141769543626
2023-11-06,1.0659156017966585,0.7426388134031233
2023-11-07,1.0490555195528464,0.6570208476629106
2023-11-08,0.9905519520569068,0.6401367588392355
2023-11-09,1.0149657998045702,0.6474767484354947
2023-11-10,0.9937739857365263,0.7103370220511886
2023-11-11,0.8501559105227651,0.6990573067053952
2023-11-12,0.9668516914678633,0.6078554072944397
2023-11-13,1.228497263655725,0.5505720848740158
2023-11-14,1.1958154668059167,0.5579490946276857
2023-11-15,1.151055714049249,0.5142611599409788
2023-11-16,1.178575309874017,0.49515649125025774
2023-11-17,1.1618463368798395,0.616517872277585
2023-11-18,0.8282538873645751,0.6985774251319024
2023-11-19,0.8479701622870948,0.655801687506452
2023-11-20,1.1436323241291293,0.5843614868885619
2023-11-21,1.0460021301018647,0.6275423203748594
2023-11-22,1.0126100810663217,0.6379404447682466
2023-11-23,1.0393630127934588,0.7170890859860104
2023-11-24,1.1593840416164098,0.6732079871101018
2023-11-25,0.9303353598582467,0.8706814994792225
2023-11-26,1.0027306956657724,0.7932351852289442
2023-11-27,1.2509147177650735,0.5363988807456982
2023-11-28,1.166499049228819,0.6715501025472969
2023-11-29,1.1489866209114201,0.5970201250931694
2023-11-30,1.0927849289854532,0.5682668077030745
2023-12-01,1.1497356355838202,0.6343128472853972
2023-12-02,0.9435478612946657,0.8185540558818539
2023-12-03,0.968618960874638,0.9153918958612043
2023-12-04,1.2585719007608356,0.8211383711447517
2023-12-05,1.170921424716517,0.9348370397760217
2023-12-06,1.0520025108043953,0.837713692506035
2023-12-07,0.9983460642085312,0.9543048973143684
2023-12-08,1.078508974668713,1.0654126030036941
2023-12-09,0.947706891032532,1.2105875541095608
2023-12-10,0.9403104871209266,1.1012066074815074
2023-12-11,1.1613935715950927,0.7444711470496702
2023-12-12,1.028300986329422,0.8046879105863325
2023-12-13,0.9884691975975666,0.8282090518509729
2023-12-14,0.9145498819214569,0.7934346844791542
2023-12-15,1.0037285332467032,0.7958594406046048
2023-12-16,1.0745849672581456,0.9366961598102614
2023-12-17,1.007894967991278,0.9023295298112417
2023-12-18,1.199151733833835,0.8083815302929654
2023-12-19,1.0787052738148173,0.8698163761952654
2023-12-20,1.0059636041462312,0.926978723404244
2023-12-21,0.9705401688753785,0.8850119723972074
2023-12-22,0.9471759516150285,0.8686730756893865
2023-12-23,1.0021436285422964,1.2024429278342772
2023-12-24,1.0555790041976687,1.3563210320768622
2023-12-25,1.0053178921787265,1.1889077400105166
2023-12-26,1.1571886726951117,1.0284939827892958
2023-12-27,1.0372457780913424,0.959599057365131
2023-12-28,0.9947004470183026,0.9893527840236807
2023-12-29,0.9057666848331432,1.0534580190751204
2023-12-30,1.0340890089577706,1.0076177644193292
2023-12-31,0.9805821189174349,1.0903474038102237
2024-01-01,1.1136969566030843,1.4275657027458977
2024-01-02,1.2709045900338254,1.0971057742409065
2024-01-03,1.1853818884681986,1.0380365061896324
2024-01-04,1.0364294745997,1.0206421440096722
2024-01-05,0.9891665144302854,1.0083898530384534
2024-01-06,0.9729020741046114,1.1869627381751235
2024-01-07,1.013333647980555,1.0310249684141264
2024-01-08,1.0086083923887916,0.8225730174978528
2024-01-09,1.0463328685033733,0.8871025496300805
2024-01-10,0.9725912916805429,0.9613188175113221
2024-01-11,0.9587924712596162,1.0461322944097649
2024-01-12,0.9647353274597339,1.1810013135410875
2024-01-13,0.9652620744731459,1.1989985743593212
2024-01-14,0.9484670993717949,0.9965883688540816
2024-01-15,1.0410169321090135,0.9670659023828709
2024-01-16,0.9902662366996943,0.9620040612308578
2024-01-17,0.989243119425743,0.9660432177228906
2024-01-18,0.9306880802849924,0.9389098937491303
2024-01-19,0.882425082375534,1.022467054307066
2024-01-20,0.9163690650430303,1.0355580527350718
2024-01-21,0.9559325775407395,1.0876195835678022
2024-01-22,1.0087184592163567,0.7948957900087739
2024-01-23,0.8985127257152874,0.8245594229420852
2024-01-24,0.9100453640902284,0.8668208290510373
2024-01-25,0.8793401890894144,0.9833299363214598
2024-01-26,0.9690671885425388,1.1231503049100617
2024-01-27,1.0118278649827106,1.3330536563305073
2024-01-28,1.0316678939172632,1.2686166026339774
2024-01-29,1.0964459024195399,0.9807887212297858
2024-01-30,0.9285177866338993,0.9873559881010349
2024-01-31,0.8348909950112219,0.9727142985988351
2024-02-01,0.8891883772973341,0.9969938428105685
2024-02-02,0.8873042662734391,1.0794275112106413
2024-02-03,0.9007468608504877,1.218708748648815
2024-02-04,0.9226834851282477,1.425934443464049
2024-02-05,1.0530895927550037,1.2462463773176358
2024-02-06,0.8981113371402607,1.0515926574376182
2024-02-07,0.883464929413467,0.9625134559817347
2024-02-08,0.8808592558971757,0.9724037051270935
2024-02-09,0.8881599065914209,1.245188980155338
2024-02-10,0.9738851229671694,1.4094099969478486
2024-02-11,1.072275347898866,1.286001755948751
2024-02-12,0.9502936109219727,1.2256534377698531
2024-02-13,1.0294410266976717,1.4747851720913634
2024-02-14,0.9888670898961669,1.7762863732751277
2024-02-15,1.111296392293761,1.124220784981005
2024-02-16,1.0719693366533305,1.0133969700560774
2024-02-17,0.9559342275142737,0.9692269630065026
2024-02-18,0.8934847438486048,0.9063566065712222
2024-02-19,0.9530370387375968,0.9788900842934264
2024-02-20,0.881002442267033,0.9401929776510853
2024-02-21,0.9674370884649812,0.9354439538807091
2024-02-22,1.1887829083024037,0.9453323818115691
2024-02-23,1.040452372793306,0.9528936245533544
2024-02-24,1.0258256106279642,0.9943001763998786
2024-02-25,0.88860488501633,1.0668004251058414
2024-02-26,0.8980495848582509,1.257086601694106
2024-02-27,0.7494876171223318,1.2786493781950987
2024-02-28,0.7983072429980551,1.6679913479652952
2024-02-29,0.8616388022385008,1.8899959100620063
2024-03-01,0.9229508330577568,1.328330948107499
2024-03-02,0.7314981859112821,1.1006523107816408
2024-03-03,0.5305060589743463,1.237534086754102
2024-03-04,0.5893051336858289,1.2722685716722664
2024-03-05,0.6093001368925394,1.0090336450237045
2024-03-06,0.7914201853707162,1.0690202761293617
2024-03-07,0.7522819091799197,1.0968766683452653
2024-03-08,0.8456709975893364,1.1725006699454859
2024-03-09,0.8172707388505122,0.9826856247176086
2024-03-10,0.9523487111851658,1.5378424687604255
2024-03-11,1.8122376475612092,6.152710268873437
2024-03-12,1.304513071915501,1.161841947413168
2024-03-13,1.124630890548206,0.5181870397739543
2024-03-14,1.0457626276334246,0.3448710767635404
2024-03-15,0.9148505595322671,0.22571105839828307
2024-03-16,0.7698642183507884,0.18474146743189257
2024-03-17,0.7463057761946315,0.18459430393778384
2024-03-18,1.0021669526110417,0.6432483929228687
2024-03-19,0.9823670569971981,0.801797300985803
2024-03-20,0.9399925958334737,1.0597716209581252
2024-03-21,1.0125187059266836,1.0016217884221952
2024-03-22,1.0527127336090851,0.8788425105326124
2024-03-23,0.8730954211905163,0.8416085216722721
2024-03-24,0.8411972325630399,0.9699165432024552
2024-03-25,1.092630723141774,1.2561187210210234
2024-03-26,1.0888179982871773,1.246760671665166
2024-03-27,1.1117989536557409,1.3218748910149845
2024-03-28,1.0960118827534329,1.3328526495245119
2024-03-29,1.2063807339165409,1.569476290150444
2024-03-30,0.9380664530001216,1.243588769156279
2024-03-31,0.854673664810289,1.0763014761851373
2024-04-01,1.2366627664132464,1.2812961302635177
2024-04-02,1.0814239367840937,1.2628636021147799
2024-04-03,1.0595773755957738,1.0712772783170699
2024-04-04,1.0996531649824954,1.102006717916753
2024-04-05,1.0470572263804292,1.151204676421887
2024-04-06,0.7664898690770212,0.9093982589207761
2024-04-07,0.8378813276442586,0.6869705109517518
2024-04-08,1.0865361092870847,0.7911015854037386
2024-04-09,1.0052110106725507,0.9258600732058079
2024-04-10,0.8410498639165098,0.7475929736383201
2024-04-11,0.985704610948147,0.7615072155476736
2024-04-12,1.0294718453999765,0.849480468933159
2024-04-13,0.8632932376427777,0.7686227950661584
2024-04-14,0.9476734101131528,0.6265389266821174
2024-04-15,1.181347589952478,0.5596145090004159
2024-04-16,1.0957601320300017,0.6675852915962639
2024-04-17,1.0045634166429094,0.7303110940569091
2024-04-18,1.0733006651288042,0.8388889117259766
2024-04-19,0.9840476929473703,0.8665470263298306
2024-04-20,0.8087154731595648,0.7864003942832349
2024-04-21,0.8184611950590513,0.8768382352941171
2024-04-22,1.1028290580213715,0.8763225451225372
2024-04-23,1.0780462490307574,0.8897786097300898
2024-04-24,0.9505510343008887,0.8460044347595684
2024-04-25,0.9345645268523306,0.9604229723605503
2024-04-26,1.0169209201202376,1.0804967541631378
2024-04-27,0.9094951282072987,1.1132499397237074
2024-04-28,0.9446710046382714,0.9719367356132518
2024-04-29,1.1331786367996248,0.9324497795408774
2024-04-30,1.0697443628708552,1.042867147976783
2024-05-01,0.9757845656989228,0.9815361309591869
2024-05-02,1.119724545007378,0.8555041346989475
2024-05-03,1.0838952532869297,0.9849728793443215
2024-05-04,0.9034445625391565,1.0015886164851509
2024-05-05,0.8715239624714733,0.6191678501298457
2024-05-06,0.8597446253417956,0.6038736447936033
2024-05-07,1.016683369686966,0.7253561398818785
2024-05-08,0.9896022705802827,0.8251901936652761
2024-05-09,1.0273340516733538,0.8624073843594369
2024-05-10,1.2528003773139957,1.0133820239951186
2024-05-11,0.8891788481457141,1.0325973895090315
2024-05-12,0.9407580928960592,1.148976421178778
2024-05-13,1.1527597694848606,1.1014626181062168
2024-05-14,1.0081153902651538,1.0892693938042068
2024-05-15,0.8305255124649193,0.875286699421083
2024-05-16,1.0510493879753484,0.9868164689136992
2024-05-17,1.078759716926165,1.032658748139305
2024-05-18,0.8915251857098899,1.0589498584338193
2024-05-19,0.8596885441701563,0.896187906060238
2024-05-20,1.152306811485088,0.8312192491627494
2024-05-21,1.0555241232481727,0.8729003822058727
2024-05-22,1.0817796951858722,0.8841863787342321
2024-05-23,0.9680963581865256,0.8628471652718966
2024-05-24,0.983716070837471,1.008029606888242
2024-05-25,0.8822067656238989,1.0197493414545564
2024-05-26,0.8188013483736339,0.8161205898636055
2024-05-27,1.0726010194282336,0.8889031563561017
2024-05-28,1.0470756545810087,1.0072981705617843
2024-05-29,1.0668637951006235,1.0092799254572231
2024-05-30,1.0576306138719107,0.9898653926265348
2024-05-31,1.0408216796160248,1.215990396004325
2024-06-01,0.9378630489489318,1.2179218738064501
2024-06-02,0.9090624390769986,1.0499006516526839
2024-06-03,1.2719847677501461,1.4351624664216656
2024-06-04,1.0973598719367217,1.006894114583655
2024-06-05,1.1111055695692622,1.0674042955836704
2024-06-06,0.9199140379035744,1.1085788897964168
2024-06-07,1.019773682755465,0.859456049633011
2024-06-08,0.8055681460255515,0.7243081854816273
2024-06-09,0.8253309839490839,0.7071991017691709
2024-06-10,1.050808346164225,0.7016948594205514
2024-06-11,1.0421924076545612,0.6993762490284604
2024-06-12,1.017267657954333,0.8107710057529683
2024-06-13,1.0181336876533114,0.8522964707670082
2024-06-14,1.0520864209728946,0.9290468191317862
2024-06-15,0.8422312600306936,1.1165431814663964
2024-06-16,0.8396160257037206,1.090232714330736
2024-06-17,1.0904405264299175,1.011185541037218
2024-06-18,1.1475300978722176,0.9619258777881821
2024-06-19,1.0920542497468633,0.8724929761606705
2024-06-20,1.0377000073062028,0.8425285148548394
2024-06-21,1.0497285123774458,0.9218359864614333
2024-06-22,0.8617706930190697,0.9048361448037148
2024-06-23,0.8451273197755229,1.0544565711687108
2024-06-24,1.087283998265222,0.9702817409027618
2024-06-25,1.0726099023690367,1.0945547076953643
2024-06-26,1.0887206371569802,1.0032699493969512
2024-06-27,1.0329438801012434,1.0144331278273546
2024-06-28,1.0414089295833457,0.9929393655467789
2024-06-29,0.84930667706187,0.8951589228595698
2024-06-30,0.8361761908362617,0.6973091695372521
2024-07-01,1.175505795501993,0.6438093596483653
2024-07-02,0.9855133926802008,0.5731781105196629
2024-07-03,1.046724538305909,0.7424436656649801
2024-07-04,1.0723514570105637,0.8208307657770103
2024-07-05,1.1131287100836065,1.0664604003180382
2024-07-06,0.8725888384060198,1.1874502568555052
2024-07-07,0.8521546252519026,1.1424026479650664
2024-07-08,1.015910026602483,0.9054097854807268
2024-07-09,1.0439722816671761,0.95787266392782
2024-07-10,0.9940863511012201,1.055375847007665
2024-07-11,1.0264376987293231,1.0696345540209475
2024-07-12,1.0193989225741742,1.133513772063881
2024-07-13,0.9767552523612631,1.2821641013406873
2024-07-14,0.9021449751307231,1.0199542812532918
2024-07-15,1.0911993853851685,0.7739911301229806
2024-07-16,0.9774968399478443,0.7783173803068053
2024-07-17,0.9490744653875411,0.7178324267365338
2024-07-18,0.9729500338887838,0.7430660040806594
2024-07-19,1.0442316979631259,1.0007270876504126
2024-07-20,0.9393353909633475,1.0626717531669565
2024-07-21,0.998649017605242,1.1567824484762832
2024-07-22,1.185352448458763,1.0246079382087394
2024-07-23,1.1000276411512049,1.0372167109123895
2024-07-24,1.1069626908384247,1.0176632759768
2024-07-25,1.0217905339203366,1.0751280932040408
2024-07-26,1.0496428341592123,0.9860849904402649
2024-07-27,0.9481287337207518,1.0988646945061202
2024-07-28,1.0182169678042978,1.1923743155302617
2024-07-29,1.1344045398308382,1.113350756361567
2024-07-30,1.1843276726644472,1.237540079750752
2024-07-31,1.2084382861322818,1.1647107498566966
2024-08-01,1.2166542353840346,1.1253966115745264
2024-08-02,0.9484232604907434,1.0252031532330173
2024-08-03,0.8161220985422423,0.8852214600103072
2024-08-04,0.9351344399965905,0.7945709011360749
2024-08-05,0.9980524933445301,0.7917884348201002
2024-08-06,1.0301005791099413,0.9617124217488341
2024-08-07,1.223589947899807,0.9792884823270086
2024-08-08,0.953823006138226,1.0032435694350121
2024-08-09,0.979487071150921,1.1089100898084483
2024-08-10,0.8250795401135255,1.0050359812497933
2024-08-11,0.8797781024563968,1.0998974165159374
2024-08-12,1.050144691831385,1.0727739465929427
2024-08-13,1.0448446247476788,1.058765647594353
2024-08-14,1.0650969637610186,1.166871109993255
2024-08-15,0.9237975068313581,1.1435286613605449
2024-08-16,0.9447446059216883,1.0695394007413521
2024-08-17,0.8530797589130131,0.9906782470330808
2024-08-18,0.8713988017712946,0.9319026125793635
2024-08-19,1.033120494267575,0.9644965956284642
2024-08-20,0.9858742954983233,1.0368551596483082
2024-08-21,1.0235128826769848,0.985754335697945
2024-08-22,0.9834487597478306,1.157450609810114
2024-08-23,1.068157747396849,1.1201244230019285
2024-08-24,0.9214444833236903,1.0402250703344769
2024-08-25,0.8791171761649438,1.1255638517654898
2024-08-26,1.2024550910510956,1.2632887883529682
2024-08-27,1.105539371342793,1.2330382719162056
2024-08-28,1.1204057163439476,1.3504903215983695
2024-08-29,1.4736434085324057,2.146697442481576
2024-08-30,1.0158538598011304,1.4097661459256379
2024-08-31,1.081378822677702,1.7222555331688325
2024-09-01,1.092025113562878,1.441775170506032
2024-09-02,1.2029500215527262,1.0751005124605466
2024-09-03,0.99010011218731,1.0978133390857114
2024-09-04,0.876119419305222,0.9189062255667437
2024-09-05,0.8869599491189881,0.890571452920493
2024-09-06,0.8491777883852074,0.8499994000434145
2024-09-07,0.7108771069799013,0.8767300869205765
2024-09-08,0.8080334616540329,1.0303751979426397
2024-09-09,1.066300540991669,1.0924750589765144
2024-09-10,1.0900364998457004,1.1161683582727124
2024-09-11,1.0575582720889203,1.3624640805787283
2024-09-12,1.0564996233256365,1.4578268585050185
2024-09-13,1.0440728187418729,1.0501645694664317
2024-09-14,0.8827196404278187,0.9327264527970285
2024-09-15,0.8080578199339373,0.9797335450059977
2024-09-16,0.8525464398965868,1.040556642338442
2024-09-17,1.062423268678653,1.1254424310779956
2024-09-18,1.0958433664858973,1.1025896737135006
2024-09-19,1.4148547500022626,1.4501435527522046
2024-09-20,1.3734752063646531,1.341335312419718
2024-09-21,0.915820424394244,1.0447571271091154
2024-09-22,1.0505715729012703,1.6243971947299778
2024-09-23,2.0032598553705157,5.311912147306162
2024-09-24,1.3097870390956066,1.397053843990806
2024-09-25,0.9672689497482649,0.6387567721505245
2024-09-26,0.8545237855132519,0.4507144946130365
2024-09-27,0.9285265013840305,0.37295563346417826
2024-09-28,0.7570603377466172,0.3068261320462893
2024-09-29,0.7925512537031002,0.31978882861187335
2024-09-30,1.037998556585917,0.7641400738306958
2024-10-01,0.9709858209147963,0.8435167379813739
2024-10-02,1.1594499605860225,1.0973214601938595
2024-10-03,0.929359846023609,0.9702357227464867
2024-10-04,0.9620035978213541,1.074279425135182
2024-10-05,0.8333249465341553,0.8844335705189761
2024-10-06,0.8673935848531195,0.9010337006534329
2024-10-07,1.1273161621912096,1.1072249031902184
2024-10-08,0.9473170071912174,1.122236168521143
2024-10-09,0.7499379098241746,0.9984535975609368
2024-10-10,0.9465283216333029,1.0631542330975554
2024-10-11,0.910021057605766,1.059476682348034
2024-10-12,0.7968973684243487,0.9506016094712186
2024-10-13,0.8448837734145791,0.9290531181691879
2024-10-14,1.1527735206841212,1.0934916119839744
2024-10-15,1.0494035519967149,1.0655798179294775
2024-10-16,1.0294648643953415,1.1269437028315399
2024-10-17,1.0053314237846893,1.211638244095174
2024-10-18,0.9858210767191928,1.2219283664090803
2024-10-19,0.8093486000771729,1.065655773520247
2024-10-20,0.9248725903852388,1.0168790553789526
2024-10-21,1.1512779537429545,1.2100074541685104
2024-10-22,1.0849186434645102,1.0282799857874314
2024-10-23,1.0395950050257134,1.1002695358492258
2024-10-24,1.0063946174665497,1.0755988152552687
2024-10-25,0.9555783129725948,1.1087757225898813
2024-10-26,0.9054005782723273,0.9964523606077367
2024-10-27,0.8881127497440953,0.9489055606627608
2024-10-28,1.1773577036145064,1.1437924699866688
2024-10-29,1.0252747789423418,1.0542277937325923
2024-10-30,1.0617568982404,1.046724829852596
2024-10-31,1.015951700374209,1.0048439822032669
2024-11-01,1.0557388573157662,0.9963958490307097
2024-11-02,0.8320179736928071,0.9528222062234653
2024-11-03,0.9169743065523324,0.871093496754946
2024-11-04,1.176298891605456,0.9518272648482309
2024-11-05,1.1205242896472711,0.8215611191020986
2024-11-06,1.0439465104215608,0.7584935648371952
2024-11-07,0.9612866712390224,0.791016222017026
2024-11-08,0.9851927283307269,0.8731080520012722
2024-11-09,0.829443642320218,0.8458230189869653
2024-11-10,0.9247358258551664,0.8210821096935289
2024-11-11,1.1577361724909208,0.9414311640799339
2024-11-12,1.1065062675764081,0.8711182910964137
2024-11-13,1.0386704617591955,0.8652155389018765
2024-11-14,1.0200027346740053,0.8407839980702702
2024-11-15,0.9754707033518905,0.9379216245006157
2024-11-16,0.869916280812433,0.8759965072673107
2024-11-17,1.4650524371576403,0.6883100725819761
2024-11-18,1.3368510924487185,0.5102494650749315
2024-11-19,1.0122366236062887,0.5445099184011846
2024-11-20,0.9036869560742795,0.515379055215879
2024-11-21,0.92612476658987,0.5948414013848561
2024-11-22,0.8651125322567262,0.755008025939136
2024-11-23,0.7251099064902564,0.8485172845275953
2024-11-24,0.8128003560114785,0.724826479718181
2024-11-25,1.166631792784574,0.4546481556562361
2024-11-26,1.1313891880146987,0.35677797497739705
2024-11-27,1.6367836647138507,0.3068983072031502
2024-11-28,1.3733106099639334,0.3183075142294364
2024-11-29,1.2445947827722852,0.3605668152384144
2024-11-30,0.9983534190691988,0.5404862198624891
2024-12-01,1.0073090569103698,0.8338217821782123
2024-12-02,1.2574948522497407,0.8397108350567938
2024-12-03,1.1444117908107414,0.796486675316891
2024-12-04,0.9634140473223616,0.7032717283539843
2024-12-05,1.0695651988869115,0.777853923587672
2024-12-06,1.0258963472875002,0.7998397027214023
2024-12-07,0.8806811530252957,0.9181262078305361
2024-12-08,1.0199206087605384,0.964297578961604
2024-12-09,1.2465350460245634,0.7900004895612096
2024-12-10,1.113886150530732,0.8668980343117165
2024-12-11,0.9611526578995152,0.8885745634958375
2024-12-12,0.952739519035841,0.8236867173390903
2024-12-13,1.028486697397716,0.9059817692614476
2024-12-14,0.956857388450418,1.0140207762411422
2024-12-15,1.0390546231677276,1.0162781317169234
2024-12-16,1.1970197003789782,0.8954715352845768
2024-12-17,1.0574158533415183,0.8720621519358989
2024-12-18,0.9823880417093604,0.8017320292927209
2024-12-19,0.9417349854046333,0.8862004639118168
2024-12-20,0.9537252904648156,0.8453186175886208
2024-12-21,0.9831865369349433,1.0055041131820341
2024-12-22,1.0115763947698049,1.1699159136294504
2024-12-23,1.1547140197143204,1.0306500278880786
2024-12-24,1.0372466769031907,1.0097231754747005
2024-12-25,0.9730857545809422,1.125484863202181
2024-12-26,1.009651090209318,0.9558575826218096
2024-12-27,0.8951610466170448,0.880465235830854
2024-12-28,0.9515969476749268,1.0331016662211343
2024-12-29,0.9306103736772448,0.9773602110267835
2024-12-30,1.0566510106516818,1.030264155344316
2024-12-31,0.9237556899195938,0.9218878624348132
2025-01-01,3.528970485783602,4.069170541218226
2025-01-02,2.7372367371944852,2.2660605514335983
2025-01-03,1.8733088801891928,1.7776305533904815
2025-01-04,1.5236579718731484,1.6696343003123106
2025-01-05,1.347839476474845,1.133314418048245
2025-01-06,1.2009289050559786,0.9545950075197511
2025-01-07,1.0061890993767408,0.8675567360634023
2025-01-08,1.0781329044658887,0.9169266395061302
2025-01-09,0.9439147719611145,0.9057139541181448
2025-01-10,0.924688320470309,0.9998001835185977
2025-01-11,0.944072393082397,1.0909654212300899
2025-01-12,1.0244980533029924,1.2966586855757087
2025-01-13,1.0499822205020193,0.9459052564120731
2025-01-14,0.9844029823531633,0.985280644501818
2025-01-15,0.8883486709315453,0.9580802042006785
2025-01-16,0.931118763178745,0.9846695149535026
2025-01-17,0.917128877960888,1.0428052799793823
2025-01-18,0.9244386643281922,1.1845403997676995
2025-01-19,0.9645238720702984,1.2387904648357666
2025-01-20,1.070547415222106,1.0333941791384398
2025-01-21,0.9436093179050266,0.9710795774446253
2025-01-22,0.8962229891498998,0.9670316603545672
2025-01-23,0.893481870291998,0.9349020894504231
2025-01-24,0.956579401784974,1.022692652063949
2025-01-25,1.015301938848904,1.113086454241442
2025-01-26,1.1234205571687002,1.1911762594704758
2025-01-27,1.1562122911608377,0.962414258985154
2025-01-28,1.0579753260666525,0.9487326870670072
2025-01-29,1.1718139112903645,1.2610711296367147
2025-01-30,1.0299859863637277,1.0519603903699186
2025-01-31,0.978376354075781,0.8888722883657798
2025-02-01,0.8902325123242713,1.1127100512056132
2025-02-02,0.8092704510396678,1.0413138447752572
2025-02-03,0.8843038248305608,0.8129239563091817
2025-02-04,0.8097907816484909,0.8197434322511489
2025-02-05,0.7782614145921947,0.9074265065099196
2025-02-06,0.8511959728004106,0.916437787657274
2025-02-07,0.93864624774991,0.8604560703599579
2025-02-08,0.9207258061406652,1.135487695314306
2025-02-09,0.9480756074673888,1.2559937929782115
2025-02-10,1.088392040716113,1.3534773999872225
2025-02-11,0.9769623492789575,1.2543365488356881
2025-02-12,0.9519222157530722,1.1092822211801365
2025-02-13,0.9276235276737105,1.2430913325832469
2025-02-14,0.9383609425100378,1.2488387924337851
2025-02-15,0.9032197857717993,1.153400201339005
2025-02-16,0.8759609657123709,1.1280932245385247
2025-02-17,0.9957309605850752,1.190737583071002
2025-02-18,0.9429116609346856,1.0895719111410425
2025-02-19,0.8899778111812681,1.0750675685137712
2025-02-20,0.8922686778167275,1.0388263833254376
2025-02-21,0.9252988626097538,1.0362671052897041
2025-02-22,0.8641774356079859,1.0519411676800055
2025-02-23,0.901931875482241,1.0719937557840153
2025-02-24,0.9512791539363976,1.266401309957754
2025-02-25,0.8858186828205585,1.18570191434797
2025-02-26,0.8742607905997605,1.2336109678477483
2025-02-27,0.8767050375703986,1.4731860214001002
2025-02-28,0.8787419223899612,1.230608867940692
2025-03-01,0.8425113685884322,1.2294651317050507
2025-03-02,0.7668731141011711,1.3939099320183708
2025-03-03,0.6571072657914446,1.3797255214897055
2025-03-04,0.6598100647328916,1.5739248189133452
2025-03-05,0.7158231391215918,1.4087568856625248
2025-03-06,0.7733652960635106,1.3757964176583435
2025-03-07,0.7853997618991965,1.0006811644956726
2025-03-08,0.6994780324210599,0.8489034342767322
2025-03-09,0.9202937884778228,0.9953096575064455
2025-03-10,1.2210402746935622,1.2639201279619974
2025-03-11,1.1817962988803041,1.5695598677599414
2025-03-12,1.602237682115469,4.112247919202552
2025-03-13,1.2320012227069201,1.2636752719756594
2025-03-14,1.075268893433955,0.8023315698728161
2025-03-15,0.9062867641678196,0.500555935640821
2025-03-16,0.792027596978798,0.44434886093057185
2025-03-17,0.9996027510947164,0.5725410568011993
2025-03-18,0.9535625205381094,0.5355543498687036
2025-03-19,1.006602965398577,0.9627403876358388
2025-03-20,1.048464992358246,0.9848881366206406
2025-03-21,1.071185358793754,1.0588360473062755
2025-03-22,0.9186670520199651,0.8898924961973634
2025-03-23,0.8684084954109791,0.9932559430978714
2025-03-24,1.1110254400676545,1.1655813681299771
2025-03-25,1.0358288470767907,1.1087671658127953
2025-03-26,0.9622182474497964,1.1874377590776046
2025-03-27,0.9751975473594366,1.090438664114431
2025-03-28,1.017818510859344,1.3203182543390666
2025-03-29,0.9072961088105493,1.0436255301248534
2025-03-30,0.8891924958894424,1.0690720627529695
2025-03-31,1.1037985767277474,1.2371364884146234
2025-04-01,1.3176529375881336,1.2331113609252766
2025-04-02,1.073376741653174,1.1114907307061654
2025-04-03,1.4578273069217134,1.3512776782357032
2025-04-04,1.0001209848772257,1.110957614248603
2025-04-05,0.8585293478426018,0.8590095482654091
2025-04-06,0.907430711644213,1.121886011067535
2025-04-07,1.0982413781852591,1.3165595579827034
2025-04-08,1.0615293902288678,1.068671814875508
2025-04-09,1.0211320002475035,0.9121331330302144
2025-04-10,1.0594441451103778,0.9201870530921185
2025-04-11,0.9651003398887608,0.8259148561821039
2025-04-12,0.8488984250505334,0.5947875250222427
2025-04-13,0.7873778686844352,0.5927531433569396
2025-04-14,1.0744534308396276,0.7320542688948738
2025-04-15,1.0301352052887642,0.8423332328084903
2025-04-16,0.9777523317551069,0.8751885176328033
2025-04-17,1.0561899415670086,0.985971078251912
2025-04-18,1.0124431613185048,0.9863460095639923
2025-04-19,0.8610828791013104,0.8385765653958666
2025-04-20,0.8608046110737144,0.9781089776087395
2025-04-21,1.1239929206828856,0.8280794868277714
2025-04-22,1.1081472925148723,0.7978090400379347
2025-04-23,1.0082341979241154,0.9812996232085622
2025-04-24,1.0473281319254466,1.0437946775969575
2025-04-25,1.0674340116052496,1.0885193824550923
2025-04-26,0.9063751234812225,1.1368811173711064
2025-04-27,0.9177600481255308,1.0968046668255333
2025-04-28,1.0857392381001747,1.0062508022281413
2025-04-29,1.0487651959044244,0.9330095448588699
2025-04-30,1.0789500960712495,0.9250780642340348
2025-05-01,0.9065009464619036,0.8207172788408463
2025-05-02,1.0062494205221262,0.9977351606224895
2025-05-03,0.9431106152513283,1.0323216788103886
2025-05-04,0.9771774276308395,1.2686226102934979
2025-05-05,0.871627214176936,0.9278963675091979
2025-05-06,0.8251828999683135,0.716583722452853
2025-05-07,1.0665119721406837,0.6643034837572053
2025-05-08,0.9879368060893844,0.6079729626206026
2025-05-09,0.9642540607454103,0.5781083868575284
2025-05-10,0.857551748517238,0.6806744700289672
2025-05-11,0.822759715454074,0.8681359734585461
2025-05-12,1.1458132265815877,0.9612849211205599
2025-05-13,1.061290809328365,0.9954940445400897
2025-05-14,1.229462898682147,1.126277537359703
2025-05-15,1.067796697759748,0.9661882337690778
2025-05-16,1.0286876053547953,0.9192670853019103
2025-05-17,0.8983440289309761,1.101909835294234
2025-05-18,0.796958369552635,0.9812885616144731
2025-05-19,1.120235835975666,1.0578723692739227
2025-05-20,1.0850161373743554,1.3377351216519804
2025-05-21,0.9944318896208457,0.8444734532276168
2025-05-22,0.9752878298329658,0.830427911501946
2025-05-23,1.0004656138660541,0.8846751173620366
2025-05-24,0.8593857371881953,0.9364031025726951
2025-05-25,0.8372455781528111,0.9806083760459368
2025-05-26,1.1098377183167076,0.9101940207390158
2025-05-27,1.0224722685915806,1.0281167280982577
2025-05-28,0.9969422462158192,0.876191292783112
2025-05-29,1.0364801528540721,0.8850301099488113
2025-05-30,0.9496376017092392,0.9932585822755499
2025-05-31,0.9010131830251082,1.0549963154283717
2025-06-01,0.915644743740103,1.1428970022563656
2025-06-02,1.2547677278306346,1.1184150068955097
2025-06-03,0.8782078267866741,1.1146292998761702
2025-06-04,1.1272373807574403,1.0413726338690334
2025-06-05,1.1202673951301514,1.2096186531116428
2025-06-06,1.0034918038063547,1.3355980835718946
2025-06-07,0.887863444371742,1.0453428879375644
2025-06-08,0.7970897627603413,0.6699018647383945
2025-06-09,1.1015922962117854,0.6589743375406277
2025-06-10,1.0090507185638549,0.7568978898638591
