date,hwadam_foliage,ski_field,mirasia,mirasia_brunch,damha,sled
2023-01-01,,69.02187,0.23579,0.17074,0.21953,87.15814
2023-01-02,,85.97446,0.34962,0.17887,0.26831,100.0
2023-01-03,,76.60785,0.20326,0.24392,0.27644,72.53269
2023-01-04,,75.12805,0.26831,0.16261,0.22766,79.07253
2023-01-05,,75.2988,0.37401,0.21953,0.21139,71.58145
2023-01-06,0.04065,78.7625,0.21953,0.14635,0.21953,73.00832
2023-01-07,,85.54354,0.26018,0.12196,0.26018,65.51724
2023-01-08,0.04065,77.40466,0.24392,0.17887,0.26018,65.51724
2023-01-09,,87.34043,0.26018,0.16261,0.30083,66.11177
2023-01-10,,78.60801,0.24392,0.13009,0.2927,59.09631
2023-01-11,,73.67265,0.24392,0.187,0.26018,51.0107
2023-01-12,,72.32295,0.28457,0.09756,0.21953,51.84304
2023-01-13,,74.00601,0.34962,0.09756,0.32522,45.65992
2023-01-14,,76.2257,0.25205,0.11383,0.2927,42.33055
2023-01-15,,80.722,0.40653,0.17074,0.43092,50.29726
2023-01-16,0.04878,77.78681,0.31709,0.10569,0.24392,48.63258
2023-01-17,,70.58297,0.27644,0.13822,0.3984,41.85493
2023-01-18,,66.46068,0.41466,0.13009,0.28457,37.81212
2023-01-19,,65.57443,0.31709,0.04878,0.187,34.95838
2023-01-20,,79.51052,0.31709,0.16261,0.21953,34.12604
2023-01-21,,68.08683,0.32522,0.16261,0.30896,36.86087
2023-01-22,0.06504,91.58468,0.34149,0.13009,0.35775,51.24851
2023-01-23,,100.0,0.37401,0.17074,0.62606,60.04756
2023-01-24,0.04878,68.74542,0.39027,0.10569,0.5041,35.90963
2023-01-25,,77.45345,0.30896,0.22766,0.30896,44.47086
2023-01-26,,78.58362,0.26831,0.187,0.44719,42.68727
2023-01-27,,77.29896,0.30083,0.14635,0.37401,44.94649
2023-01-28,0.04878,80.28294,0.24392,0.23579,0.34962,48.39476
2023-01-29,,70.68867,0.17887,0.17074,0.31709,43.63852
2023-01-30,,74.82722,0.28457,0.10569,0.48784,39.95243
2023-01-31,,66.42003,0.33336,0.187,0.28457,37.69322
2023-02-01,,61.30579,0.20326,0.19513,0.22766,39.239
2023-02-02,,60.72851,0.31709,0.12196,0.41466,37.57431
2023-02-03,,65.96471,0.35775,0.21139,0.30896,43.75743
2023-02-04,0.04065,71.00577,0.28457,0.187,0.39027,41.85493
2023-02-05,,60.08618,0.22766,0.22766,0.24392,40.42806
2023-02-06,,65.18416,0.19513,0.21139,0.48784,35.55291
2023-02-07,,54.32962,0.23579,0.15448,0.23579,29.4887
2023-02-08,,50.7277,0.17887,0.06504,0.30896,29.25089
2023-02-09,,49.80892,0.25205,0.09756,0.30896,24.61355
2023-02-10,,53.72794,0.38214,0.16261,0.33336,36.02853
2023-02-11,0.04065,63.11082,0.35775,0.10569,0.28457,35.67181
2023-02-12,0.04878,51.93105,0.38214,0.187,0.23579,30.55885
2023-02-13,,53.4515,0.37401,0.17887,0.21953,28.89417
2023-02-14,,42.83275,0.19513,0.12196,0.21139,20.68965
2023-02-15,,40.86511,0.15448,0.07317,0.21953,21.04637
2023-02-16,0.05691,40.37726,0.17074,0.15448,0.21953,21.87871
2023-02-17,,40.31222,0.33336,0.16261,0.34149,20.57074
2023-02-18,0.04878,39.06008,0.20326,0.06504,0.35775,21.99762
2023-02-19,0.04878,35.14919,0.3984,0.12196,0.33336,23.06777
2023-02-20,,35.40125,0.23579,0.13009,0.26831,18.66825
2023-02-21,0.04065,30.07561,0.21139,0.05691,0.28457,17.00356
2023-02-22,0.08943,25.96146,0.19513,0.07317,0.23579,14.98216
2023-02-23,0.05691,25.90454,0.28457,0.11383,0.27644,20.09512
2023-02-24,,26.32734,0.30896,0.06504,0.39027,20.09512
2023-02-25,0.04878,28.13236,0.34149,0.0813,0.27644,21.28418
2023-02-26,0.05691,21.96926,0.37401,0.0813,0.25205,17.36028
2023-02-27,0.08943,20.14797,0.22766,0.07317,0.22766,8.79904
2023-02-28,0.05691,17.67623,0.25205,0.05691,0.28457,5.23186
2023-03-01,0.07317,9.08203,0.10569,,0.15448,1.18906
2023-03-02,0.14635,4.55321,0.04065,,0.16261,
2023-03-03,0.17074,3.92714,0.0813,,0.21953,0.71343
2023-03-04,0.07317,3.24416,0.08943,,0.11383,
2023-03-05,0.04065,2.47987,0.0813,,0.21139,1.07015
2023-03-06,,2.02455,0.09756,0.04065,0.25205,
2023-03-07,0.04065,1.37409,0.13009,,0.07317,0.59453
2023-03-08,0.11383,1.44727,0.0813,,0.13009,0.71343
2023-03-09,0.08943,1.21961,0.19513,0.05691,0.16261,
2023-03-10,0.21953,1.06512,0.17887,0.04065,0.19513,0.59453
2023-03-11,0.08943,1.01634,0.30083,0.04065,0.26831,
2023-03-12,0.15448,0.95942,0.14635,0.0813,0.11383,
2023-03-13,0.06504,0.98381,0.16261,0.07317,0.25205,0.71343
2023-03-14,0.09756,0.84559,0.11383,0.04878,0.26018,
2023-03-15,0.06504,0.73989,0.19513,,0.23579,
2023-03-16,0.11383,0.73989,0.26831,0.07317,0.2927,
2023-03-17,0.16261,0.54475,0.26831,,0.26018,
2023-03-18,0.17887,0.63419,0.23579,0.07317,0.30896,
2023-03-19,0.17887,0.65045,0.13822,0.08943,0.17074,
2023-03-20,0.13009,0.54475,0.13822,,0.11383,
2023-03-21,0.19513,0.43092,0.07317,,0.21139,
2023-03-22,0.16261,0.30896,0.187,0.04065,0.25205,
2023-03-23,0.21953,0.35775,0.05691,0.07317,0.14635,
2023-03-24,0.24392,0.23579,0.19513,0.05691,0.30896,
2023-03-25,0.26018,0.41466,0.26831,0.08943,0.22766,
2023-03-26,0.21953,0.20326,0.20326,0.04878,0.23579,
2023-03-27,0.23579,0.26831,0.19513,0.07317,0.19513,
2023-03-28,0.30083,0.22766,0.20326,0.2927,0.24392,
2023-03-29,0.27644,0.23579,0.30896,0.12196,0.21139,
2023-03-30,0.21953,0.19513,0.25205,0.22766,0.24392,
2023-03-31,0.32522,0.187,0.39027,0.15448,0.38214,
2023-04-01,0.34962,0.19513,0.21953,0.13009,0.31709,
2023-04-02,0.32522,0.10569,0.34962,0.06504,0.32522,
2023-04-03,0.31709,0.22766,0.28457,0.187,0.26018,
2023-04-04,0.30896,0.17074,0.16261,0.13009,0.23579,
2023-04-05,0.30896,0.11383,0.30083,0.13822,0.2927,
2023-04-06,0.25205,0.187,0.26018,0.17074,0.25205,
2023-04-07,0.20326,0.20326,0.2927,0.12196,0.32522,
2023-04-08,0.31709,0.187,0.34962,0.0813,0.45532,
2023-04-09,0.15448,0.32522,0.34962,0.16261,0.38214,
2023-04-10,0.17887,0.21139,0.22766,0.13009,0.30896,
2023-04-11,0.19513,0.17074,0.30083,0.10569,0.28457,
2023-04-12,0.17887,0.19513,0.30896,0.12196,0.36588,
2023-04-13,0.10569,0.11383,0.187,0.11383,0.24392,
2023-04-14,0.2927,0.19513,0.43906,0.10569,0.16261,
2023-04-15,0.14635,0.11383,0.35775,0.0813,0.30896,
2023-04-16,0.21139,0.20326,0.34149,0.16261,0.24392,
2023-04-17,0.16261,0.26831,0.26831,0.187,0.24392,
2023-04-18,0.06504,0.21953,0.15448,0.06504,0.22766,
2023-04-19,0.08943,0.19513,0.32522,0.17887,0.34149,
2023-04-20,0.07317,0.20326,0.27644,0.06504,0.30896,
2023-04-21,0.13822,0.28457,0.37401,0.17887,0.34149,
2023-04-22,0.19513,0.23579,0.27644,0.17074,0.39027,
2023-04-23,0.19513,0.26018,0.33336,0.15448,0.32522,
2023-04-24,0.09756,0.16261,0.32522,0.13822,0.24392,
2023-04-25,0.0813,0.17074,0.35775,0.17074,0.23579,
2023-04-26,0.11383,0.23579,0.26831,0.04065,0.24392,
2023-04-27,0.10569,0.15448,0.34962,0.09756,0.17887,
2023-04-28,0.08943,0.17074,0.31709,0.11383,0.32522,
2023-04-29,0.13822,0.13822,0.31709,0.13822,0.39027,
2023-04-30,0.21139,0.33336,0.34962,0.08943,0.43092,
2023-05-01,0.19513,0.24392,0.3984,0.15448,0.30083,
2023-05-02,0.17887,0.22766,0.33336,0.09756,0.17074,
2023-05-03,0.04878,0.17887,0.26018,0.19513,0.35775,
2023-05-04,0.13009,0.23579,0.14635,0.08943,0.22766,
2023-05-05,0.15448,0.10569,0.49597,0.11383,0.30083,
2023-05-06,0.07317,0.17887,0.36588,0.06504,0.36588,
2023-05-07,0.09756,0.15448,0.24392,0.0813,0.20326,
2023-05-08,0.05691,0.15448,0.187,0.10569,0.21139,
2023-05-09,0.11383,0.23579,0.2927,0.04878,0.21953,
2023-05-10,0.06504,0.187,0.11383,0.05691,0.17887,
2023-05-11,0.14635,0.26018,0.21139,0.10569,0.27644,
2023-05-12,,0.10569,0.11383,0.10569,0.27644,
2023-05-13,0.12196,0.21139,0.34149,0.08943,0.38214,
2023-05-14,0.17074,0.24392,0.17887,0.09756,0.22766,
2023-05-15,0.14635,0.21953,0.17887,0.13009,0.11383,
2023-05-16,0.0813,0.187,0.37401,0.12196,0.12196,
2023-05-17,0.09756,0.27644,0.14635,0.04878,0.22766,
2023-05-18,0.06504,0.27644,0.28457,0.10569,0.25205,
2023-05-19,0.0813,0.187,0.47158,0.21953,0.30896,
2023-05-20,0.187,0.17887,0.2927,0.17887,0.34149,
2023-05-21,0.24392,0.26831,0.19513,0.12196,0.21139,
2023-05-22,0.13822,0.13822,0.28457,0.15448,0.21139,
2023-05-23,0.13009,0.15448,0.23579,0.17887,0.23579,
2023-05-24,0.10569,0.26018,0.30083,0.12196,0.17887,
2023-05-25,0.05691,0.23579,0.26018,0.20326,0.22766,
2023-05-26,0.07317,0.09756,0.60167,0.10569,0.35775,
2023-05-27,0.187,0.16261,0.52036,0.17074,0.33336,
2023-05-28,0.17074,0.13822,0.39027,0.08943,0.21953,
2023-05-29,0.13822,0.17887,0.23579,0.11383,0.23579,
2023-05-30,0.14635,0.32522,0.2927,0.15448,0.17887,
2023-05-31,0.16261,0.16261,0.37401,0.12196,0.20326,
2023-06-01,0.0813,0.17074,0.26831,0.17887,0.22766,
2023-06-02,0.09756,0.13822,0.35775,0.21953,0.38214,
2023-06-03,0.13822,0.25205,0.32522,0.21953,0.2927,
2023-06-04,0.187,0.26018,0.58541,0.10569,0.34149,
2023-06-05,0.07317,0.15448,0.26018,0.20326,0.34149,
2023-06-06,0.30083,0.26831,0.40653,0.187,0.30083,
2023-06-07,0.32522,0.30083,0.28457,0.0813,0.23579,
2023-06-08,0.26018,0.32522,0.13009,0.22766,0.24392,
2023-06-09,0.07317,0.27644,0.17887,0.10569,0.14635,
2023-06-10,0.187,0.23579,0.14635,0.08943,0.24392,
2023-06-11,0.21139,0.30083,0.21953,0.15448,0.26831,
2023-06-12,0.20326,0.31709,0.22766,0.16261,0.24392,
2023-06-13,0.22766,0.22766,0.26831,0.13009,0.2927,
2023-06-14,0.09756,0.26018,0.24392,0.05691,0.25205,
2023-06-15,0.10569,0.30083,0.16261,0.07317,0.17074,
2023-06-16,0.22766,0.25205,0.16261,0.06504,0.15448,
2023-06-17,0.19513,0.22766,0.30083,0.10569,0.23579,
2023-06-18,0.21953,0.28457,0.15448,0.0813,0.31709,
2023-06-19,0.24392,0.22766,0.21139,0.11383,0.24392,
2023-06-20,0.16261,0.17074,0.17887,0.12196,0.26831,
2023-06-21,0.15448,0.24392,0.13009,0.13009,0.15448,
2023-06-22,0.15448,0.30896,0.2927,0.13009,0.32522,
2023-06-23,0.21953,0.21139,0.17074,0.13009,0.26831,
2023-06-24,0.17074,0.25205,0.23579,0.09756,0.26831,
2023-06-25,0.20326,0.26831,0.22766,0.04878,0.14635,
2023-06-26,0.15448,0.28457,0.28457,0.14635,0.34962,
2023-06-27,0.13009,0.27644,0.20326,0.06504,0.23579,
2023-06-28,0.21953,0.24392,0.17887,0.11383,0.10569,
2023-06-29,0.21139,0.17887,0.13822,0.11383,0.17074,
2023-06-30,0.12196,0.21139,0.22766,0.11383,0.15448,
2023-07-01,0.15448,0.24392,0.43092,0.13822,0.26831,
2023-07-02,0.26018,0.25205,0.25205,0.12196,0.21139,
2023-07-03,0.28457,0.26831,0.32522,0.09756,0.10569,
2023-07-04,0.2927,0.17074,0.17074,0.05691,0.15448,
2023-07-05,0.25205,0.22766,0.21139,0.13009,0.19513,
2023-07-06,0.20326,0.19513,0.24392,0.16261,0.15448,
2023-07-07,0.22766,0.38214,0.2927,0.08943,0.26018,
2023-07-08,0.26018,0.30896,0.28457,0.06504,0.13822,
2023-07-09,0.31709,0.21139,0.12196,0.14635,0.26831,
2023-07-10,0.20326,0.23579,0.15448,0.11383,0.22766,
2023-07-11,0.26018,0.26018,0.187,0.04878,0.21953,
2023-07-12,0.13822,0.30083,0.16261,0.07317,0.187,
2023-07-13,0.26831,0.28457,0.19513,0.06504,0.25205,
2023-07-14,0.15448,0.26018,0.20326,0.08943,0.26831,
2023-07-15,0.30083,0.187,0.27644,0.12196,0.17887,
2023-07-16,0.34962,0.20326,0.17887,0.13822,0.17074,
2023-07-17,0.3984,0.32522,0.15448,0.08943,0.17074,
2023-07-18,0.32522,0.31709,0.16261,0.04065,0.15448,
2023-07-19,0.24392,0.26831,0.07317,0.06504,0.20326,
2023-07-20,0.20326,0.21139,0.21139,0.11383,0.14635,
2023-07-21,0.15448,0.24392,0.23579,0.14635,0.28457,
2023-07-22,0.30896,0.26831,0.28457,0.13009,0.20326,
2023-07-23,0.33336,0.23579,0.32522,0.10569,0.2927,
2023-07-24,0.33336,0.22766,0.35775,0.22766,0.35775,
2023-07-25,0.34149,0.33336,0.22766,0.17887,0.25205,
2023-07-26,0.31709,0.34149,0.25205,0.16261,0.17887,
2023-07-27,0.44719,0.31709,0.26018,0.20326,0.30896,
2023-07-28,0.35775,0.2927,0.38214,0.13822,0.32522,
2023-07-29,0.27644,0.23579,0.30083,0.13822,0.33336,
2023-07-30,0.57728,0.3984,0.36588,0.15448,0.19513,
2023-07-31,0.54475,0.46345,0.42279,0.21953,0.32522,
2023-08-01,0.56915,0.49597,0.47971,0.17887,0.44719,
2023-08-02,0.78868,0.26018,0.30896,0.20326,0.31709,
2023-08-03,0.65859,0.30083,0.43906,0.14635,0.24392,
2023-08-04,0.58541,0.3984,0.43092,0.12196,0.31709,
2023-08-05,0.6098,0.45532,0.27644,0.17887,0.25205,
2023-08-06,0.58541,0.45532,0.21953,0.26831,0.23579,
2023-08-07,0.8212,0.42279,0.30896,0.13822,0.2927,
2023-08-08,0.76428,0.54475,0.31709,0.17074,0.28457,
2023-08-09,0.70737,0.47158,0.36588,0.12196,0.30896,
2023-08-10,0.65859,0.36588,0.25205,0.12196,0.26831,
2023-08-11,0.94316,0.37401,0.36588,0.12196,0.17074,
2023-08-12,1.07325,0.28457,0.31709,0.14635,0.19513,
2023-08-13,1.43101,0.34149,0.43092,0.17074,0.17074,
2023-08-14,1.29278,0.58541,0.48784,0.16261,0.21953,
2023-08-15,1.36596,0.48784,0.25205,0.13822,0.21139,
2023-08-16,1.61801,0.51223,0.16261,0.13822,0.23579,
2023-08-17,1.60175,0.39027,0.25205,0.26018,0.25205,
2023-08-18,1.65054,0.47158,0.17887,0.08943,0.187,
2023-08-19,1.33344,0.38214,0.26018,0.08943,0.17074,
2023-08-20,1.88633,0.38214,0.21139,0.16261,0.17887,
2023-08-21,2.488,0.56102,0.21953,0.17887,0.25205,
2023-08-22,2.00016,0.52849,0.21139,0.10569,0.25205,
2023-08-23,2.60996,0.69924,0.20326,0.0813,0.28457,
2023-08-24,2.36604,0.68298,0.17887,,0.15448,
2023-08-25,2.9108,0.65859,0.20326,0.05691,0.187,
2023-08-26,3.09781,0.60167,0.31709,0.17074,0.21953,
2023-08-27,6.53711,0.55289,0.22766,0.09756,0.19513,
2023-08-28,7.97625,0.72363,0.26831,0.187,0.30083,
2023-08-29,7.88682,0.64232,0.13009,0.09756,0.21953,
2023-08-30,5.9517,0.63419,0.19513,0.13822,0.25205,
2023-08-31,6.47207,0.86185,0.13009,0.10569,0.38214,
2023-09-01,8.30961,0.83746,0.13822,0.27644,0.26831,
2023-09-02,7.58598,0.7155,0.26831,0.14635,0.21953,
2023-09-03,9.25278,0.69111,0.20326,0.07317,0.20326,
2023-09-04,14.48085,1.14643,0.13822,0.15448,0.21953,
2023-09-05,9.24465,0.91877,0.13009,0.17887,0.19513,
2023-09-06,6.40702,0.80494,0.17887,0.15448,0.16261,
2023-09-07,6.07366,0.79681,0.26831,0.12196,0.20326,
2023-09-08,5.61021,0.9269,0.40653,0.10569,0.25205,
2023-09-09,5.87039,0.91877,0.28457,0.15448,0.23579,
2023-09-10,7.74859,0.80494,0.15448,0.13822,0.187,
2023-09-11,8.50475,1.3497,0.21953,0.13822,0.11383,
2023-09-12,7.43149,1.21148,0.14635,0.0813,0.16261,
2023-09-13,6.67533,1.30091,0.187,0.14635,0.11383,
2023-09-14,7.7242,1.20334,0.13009,0.28457,0.09756,
2023-09-15,6.84608,1.17082,0.23579,0.14635,0.13822,
2023-09-16,6.44767,1.17895,0.26831,0.17074,0.26018,
2023-09-17,9.16334,1.00008,0.14635,0.22766,0.17074,
2023-09-18,8.69989,1.43101,0.16261,0.06504,0.17887,
2023-09-19,17.29408,1.58549,0.32522,0.22766,0.187,
2023-09-20,63.28156,1.52044,0.38214,0.33336,0.24392,
2023-09-21,34.73453,1.38222,0.21139,0.32522,0.17887,
2023-09-22,12.18798,2.43109,0.24392,0.09756,0.19513,
2023-09-23,8.22018,1.06512,0.39027,0.15448,0.33336,
2023-09-24,7.01683,1.1383,0.13009,0.23579,0.30083,
2023-09-25,5.58581,1.39848,0.25205,0.13009,0.11383,
2023-09-26,4.79713,1.33344,0.19513,0.15448,0.187,
2023-09-27,5.0004,1.1383,0.30896,0.22766,0.20326,
2023-09-28,5.17115,0.78868,0.39027,0.16261,0.43092,
2023-09-29,5.78095,0.76428,0.35775,0.15448,0.48784,0.95124
2023-09-30,7.35019,1.244,0.34962,0.22766,0.43906,
2023-10-01,4.84592,1.0326,0.30083,0.21953,0.26018,
2023-10-02,4.39873,1.26026,0.2927,0.21139,0.42279,
2023-10-03,6.49646,1.47979,0.24392,0.26018,0.27644,
2023-10-04,6.01674,1.79689,0.21953,0.13009,0.17887,0.59453
2023-10-05,4.1792,1.62614,0.24392,0.17074,0.19513,
2023-10-06,5.02479,1.73997,0.2927,0.09756,0.34149,
2023-10-07,4.70769,1.65054,0.31709,0.26018,0.37401,0.59453
2023-10-08,4.2605,1.7481,0.43092,0.13822,0.33336,0.95124
2023-10-09,4.00845,1.94324,0.24392,0.187,0.36588,0.95124
2023-10-10,4.77274,2.3823,0.32522,0.17074,0.46345,0.59453
2023-10-11,4.33368,2.37417,0.13009,0.19513,0.25205,1.07015
2023-10-12,4.84592,2.0652,0.26018,0.12196,0.34962,0.59453
2023-10-13,4.12228,1.8782,0.26831,0.187,0.28457,
2023-10-14,3.91088,1.60988,0.30083,,0.28457,
2023-10-15,4.54508,2.02455,0.31709,,0.25205,
2023-10-16,5.80535,2.21969,0.30083,0.06504,0.30083,
2023-10-17,6.65907,2.66688,0.30083,0.13009,0.39027,
2023-10-18,6.34197,2.72379,0.2927,0.04878,0.34149,0.71343
2023-10-19,5.92731,2.47987,0.3984,0.06504,0.43906,1.42687
2023-10-20,6.91926,2.12212,0.28457,0.04065,0.5041,
2023-10-21,6.38263,2.09773,0.35775,0.06504,0.40653,1.18906
2023-10-22,7.48028,2.55305,0.30896,0.07317,0.38214,0.95124
2023-10-23,8.62671,2.9108,0.40653,0.25205,0.60167,2.25921
2023-10-24,7.65915,3.24416,0.35775,0.23579,0.57728,1.90249
2023-10-25,7.7242,2.87828,0.28457,0.06504,0.3984,1.78359
2023-10-26,8.06569,2.89454,0.2927,0.06504,0.42279,2.1403
2023-10-27,7.58598,2.60183,0.27644,0.13009,0.3984,0.59453
2023-10-28,6.12244,2.33352,0.27644,0.12196,0.30083,0.71343
2023-10-29,6.50459,2.65875,0.34962,0.12196,0.36588,1.18906
2023-10-30,6.80543,4.1792,0.2927,0.15448,0.5041,2.85374
2023-10-31,5.38255,3.91088,0.26018,0.08943,0.39027,2.0214
2023-11-01,5.7403,4.30116,0.21953,0.09756,0.43092,3.44827
2023-11-02,4.94349,4.08163,0.33336,0.16261,0.35775,2.85374
2023-11-03,4.53695,3.62631,0.38214,0.08943,0.45532,4.75624
2023-11-04,3.52874,2.96772,0.30896,0.09756,0.39027,4.87514
2023-11-05,3.78079,3.36612,0.34962,0.13009,0.30083,6.0642
2023-11-06,4.13041,4.73209,0.35775,0.15448,0.7155,9.8692
2023-11-07,3.59378,5.80535,0.21953,0.04878,0.35775,5.70749
2023-11-08,3.56126,5.32563,0.2927,0.04878,0.30896,3.68608
2023-11-09,2.88641,5.56142,0.25205,0.05691,0.25205,3.68608
2023-11-10,2.13025,5.13862,0.26018,0.07317,0.30083,3.68608
2023-11-11,2.1953,5.04106,0.25205,0.04065,0.30896,2.85374
2023-11-12,1.15456,6.04114,0.25205,0.12196,0.37401,5.23186
2023-11-13,1.34157,8.71615,0.37401,0.12196,0.35775,7.60998
2023-11-14,1.02447,8.50475,0.28457,0.08943,0.187,6.77764
2023-11-15,0.94316,8.78933,0.25205,0.09756,0.21953,17.36028
2023-11-16,0.43092,8.26083,0.24392,0.05691,0.20326,14.03091
2023-11-17,0.65859,9.7081,0.2927,0.09756,0.21953,16.76575
2023-11-18,0.38214,8.65924,0.45532,0.07317,0.26018,14.38763
2023-11-19,0.20326,9.65119,0.20326,0.0813,0.17887,13.19857
2023-11-20,0.2927,12.89535,0.26018,0.08943,0.13822,21.28418
2023-11-21,0.12196,12.83031,0.20326,0.07317,0.15448,18.78715
2023-11-22,0.20326,13.37507,0.17074,0.04065,0.28457,19.50059
2023-11-23,0.20326,13.74095,0.27644,0.05691,0.15448,18.90606
2023-11-24,0.11383,19.31051,0.26831,0.04878,0.19513,20.57074
2023-11-25,0.14635,17.65997,0.25205,0.08943,0.24392,17.59809
2023-11-26,0.06504,21.20497,0.28457,0.05691,0.14635,20.80856
2023-11-27,0.07317,30.92934,0.07317,0.0813,0.12196,29.96432
2023-11-28,,32.03512,0.07317,,0.14635,26.63495
2023-11-29,0.06504,32.90511,0.17074,0.04065,0.13822,30.79667
2023-11-30,0.04065,33.43361,0.10569,,0.08943,27.11058
2023-12-01,0.04065,39.71867,0.13009,,0.13822,25.44589
2023-12-02,0.06504,34.27107,0.44719,,0.25205,27.11058
2023-12-03,,37.31197,0.17887,,0.07317,26.04042
2023-12-04,,50.53256,0.23579,0.04065,0.28457,37.57431
2023-12-05,,50.81713,0.13009,0.07317,0.13822,37.45541
2023-12-06,,46.01187,0.14635,0.05691,0.14635,32.93697
2023-12-07,,47.08512,0.16261,,0.2927,32.10463
2023-12-08,,55.45979,0.22766,0.05691,0.08943,31.98573
2023-12-09,,51.79282,0.23579,0.05691,0.19513,33.53151
2023-12-10,,47.57297,0.187,0.09756,0.26831,33.53151
2023-12-11,,52.11805,0.24392,0.09756,0.20326,33.4126
2023-12-12,,51.81722,0.2927,0.0813,0.12196,34.12604
2023-12-13,,49.13407,0.15448,,0.13822,28.18073
2023-12-14,,43.49134,0.17887,0.04878,0.08943,24.85136
2023-12-15,,50.809,0.23579,0.04065,0.15448,24.61355
2023-12-16,0.04878,66.28994,0.2927,0.05691,0.14635,28.65636
2023-12-17,,58.10228,0.31709,,0.187,27.70511
2023-12-18,,66.12732,0.26018,0.09756,0.25205,38.52556
2023-12-19,,60.16749,0.24392,0.07317,0.26831,37.45541
2023-12-20,,62.43597,0.20326,0.06504,0.26831,45.1843
2023-12-21,,59.02105,0.21139,0.04065,0.25205,39.71462
2023-12-22,,62.63923,0.37401,0.09756,0.23579,38.88228
2023-12-23,,73.22546,0.33336,0.04065,0.28457,51.24851
2023-12-24,,80.08781,0.56915,0.04878,0.22766,72.17598
2023-12-25,,71.7538,0.35775,0.0813,0.30083,51.24851
2023-12-26,,81.28303,0.21953,0.10569,0.32522,48.87039
2023-12-27,,73.20107,0.19513,0.0813,0.30083,47.44351
2023-12-28,,70.36344,0.34149,0.0813,0.32522,43.04399
2023-12-29,,67.94048,0.28457,0.06504,0.26831,49.46492
2023-12-30,,80.86023,0.27644,0.0813,0.34149,56.24256
2023-12-31,,76.19318,0.32522,0.07317,0.33336,57.07491
2024-01-01,,75.65356,0.33853,0.08463,0.22569,55.96446
2024-01-02,,88.32048,0.23509,,0.2539,56.09137
2024-01-03,,82.80045,0.2539,0.04701,0.2539,52.53807
2024-01-04,,82.49012,0.2539,0.08463,0.31032,57.86802
2024-01-05,0.04701,84.95392,0.21628,0.04701,0.36674,49.87309
2024-01-06,,91.8375,0.46078,0.06582,0.37615,62.56345
2024-01-07,,88.07598,0.38555,0.08463,0.2539,73.73096
2024-01-08,0.04701,88.3675,0.31032,0.08463,0.22569,78.55329
2024-01-09,,89.81568,0.28211,0.07523,0.23509,71.19289
2024-01-10,,82.62177,0.28211,0.09403,0.31972,63.83248
2024-01-11,,80.9479,0.35734,0.12224,0.21628,50.76142
2024-01-12,,86.04476,0.44197,0.04701,0.41376,55.32994
2024-01-13,,89.08218,0.70528,0.12224,0.31972,55.83756
2024-01-14,,80.51532,0.45138,0.05642,0.2539,51.01522
2024-01-15,,86.43031,0.27271,0.06582,0.2633,45.17766
2024-01-16,,77.87286,0.31032,0.08463,0.2633,44.03553
2024-01-17,,79.227,0.15046,0.05642,0.22569,43.90862
2024-01-18,,74.70378,0.34794,0.07523,0.18807,41.24365
2024-01-19,,76.76321,0.28211,0.06582,0.16926,46.82741
2024-01-20,,81.18299,0.33853,0.11284,0.22569,41.49746
2024-01-21,0.05642,76.60334,0.39495,0.06582,0.31032,44.79695
2024-01-22,0.04701,74.75079,0.20688,0.09403,0.27271,34.89847
2024-01-23,0.05642,64.32198,0.31032,0.09403,0.2539,31.09137
2024-01-24,,64.27496,0.31032,0.13165,0.29151,30.45685
2024-01-25,,63.43802,0.46078,0.10344,0.32913,31.59898
2024-01-26,0.05642,71.14914,0.28211,0.13165,0.21628,37.30964
2024-01-27,0.05642,87.61519,0.30092,0.09403,0.27271,41.24365
2024-01-28,,78.64397,0.31972,,0.30092,38.32487
2024-01-29,0.04701,78.9825,0.2539,0.07523,0.31032,34.26395
2024-01-30,,69.24017,0.33853,0.06582,0.30092,28.93401
2024-01-31,,58.84897,0.14105,0.04701,0.15046,22.84263
2024-02-01,,63.34399,0.2633,0.05642,0.31972,23.35025
2024-02-02,,63.51325,0.2633,0.09403,0.24449,30.32994
2024-02-03,,66.66353,0.2633,0.04701,0.2633,26.90355
2024-02-04,0.05642,60.72033,0.30092,0.05642,0.27271,24.49238
2024-02-05,,63.75775,0.28211,0.04701,0.13165,24.49238
2024-02-06,,55.11566,0.27271,,0.21628,22.58883
2024-02-07,,49.91536,0.21628,0.07523,0.15986,17.8934
2024-02-08,,55.63287,0.24449,0.06582,0.28211,25.88832
2024-02-09,,53.44179,0.28211,,0.24449,24.23857
2024-02-10,0.13165,61.25634,0.47959,0.05642,0.33853,28.55329
2024-02-11,0.06582,66.68233,0.56422,,0.33853,23.60406
2024-02-12,0.04701,56.27233,0.34794,0.08463,0.30092,23.73096
2024-02-13,0.08463,52.57664,0.33853,,0.24449,21.5736
2024-02-14,,45.41094,0.33853,0.14105,0.17867,18.0203
2024-02-15,0.12224,25.95448,0.21628,,0.23509,17.51269
2024-02-16,0.05642,24.00789,0.21628,0.08463,0.20688,16.49746
2024-02-17,0.07523,22.72898,0.18807,,0.19747,22.33502
2024-02-18,,17.60391,0.30092,0.09403,0.2539,18.78172
2024-02-19,,17.99887,0.17867,0.08463,0.28211,14.467
2024-02-20,,17.38762,0.28211,0.08463,0.16926,14.21319
2024-02-21,,18.43144,0.12224,,0.19747,15.22842
2024-02-22,0.06582,24.45928,0.22569,,0.24449,25.1269
2024-02-23,0.04701,21.48768,0.30092,0.04701,0.22569,27.03045
2024-02-24,0.08463,20.73537,0.31032,0.07523,0.19747,27.91878
2024-02-25,0.06582,17.10551,0.29151,0.10344,0.18807,21.95431
2024-02-26,0.04701,16.11811,0.24449,0.10344,0.2633,18.78172
2024-02-27,0.04701,12.12149,0.2633,,0.24449,14.08629
2024-02-28,,12.03686,0.18807,0.05642,0.13165,9.64467
2024-02-29,0.10344,13.66372,0.21628,0.06582,0.24449,15.10152
2024-03-01,0.07523,12.42241,0.39495,,0.39495,16.37055
2024-03-02,0.12224,9.08406,0.29151,0.07523,0.31972,7.4873
2024-03-03,0.18807,4.54203,0.16926,,0.12224,2.41116
2024-03-04,0.08463,2.66127,0.06582,,0.17867,0.76142
2024-03-05,0.07523,1.9842,0.10344,,0.19747,0.76142
2024-03-06,0.13165,1.61745,0.09403,,0.11284,
2024-03-07,0.22569,1.40116,0.05642,,0.09403,0.88832
2024-03-08,0.05642,1.43878,0.04701,,0.11284,
2024-03-09,0.11284,1.53281,0.05642,,0.23509,
2024-03-10,0.2633,1.14726,0.05642,,0.14105,
2024-03-11,1.10964,0.93097,0.05642,,0.14105,
2024-03-12,0.5078,0.63005,0.12224,,0.19747,0.76142
2024-03-13,0.29151,0.60184,0.10344,,0.15986,0.76142
2024-03-14,0.18807,0.47018,0.06582,0.04701,0.20688,
2024-03-15,0.22569,0.58303,0.18807,0.04701,0.14105,
2024-03-16,0.20688,0.56422,0.15046,0.09403,0.19747,
2024-03-17,0.12224,0.34794,0.15046,0.13165,0.15046,
2024-03-18,0.15986,0.4984,0.09403,0.21628,0.13165,
2024-03-19,0.11284,0.33853,0.14105,0.07523,0.24449,
2024-03-20,0.19747,0.37615,0.09403,,0.16926,
2024-03-21,0.11284,0.2539,0.12224,0.04701,0.31032,
2024-03-22,0.13165,0.27271,0.16926,,0.18807,
2024-03-23,0.15986,0.15986,0.29151,0.07523,0.18807,
2024-03-24,0.18807,0.24449,0.20688,0.07523,0.20688,
2024-03-25,0.2633,0.2633,0.14105,0.07523,0.24449,
2024-03-26,0.20688,0.38555,0.05642,0.07523,0.21628,
2024-03-27,0.31032,0.18807,0.13165,0.10344,0.20688,
2024-03-28,0.2539,0.34794,0.31032,0.15046,0.20688,
2024-03-29,0.19747,0.21628,0.31972,0.20688,0.28211,
2024-03-30,0.16926,0.23509,0.34794,0.18807,0.43257,
2024-03-31,0.22569,0.15046,0.19747,0.13165,0.36674,
2024-04-01,0.21628,0.30092,0.24449,0.10344,0.38555,
2024-04-02,0.31972,0.2539,0.45138,0.10344,0.30092,
2024-04-03,0.29151,0.18807,0.34794,0.15046,0.30092,
2024-04-04,0.29151,0.31032,0.2539,0.14105,0.44197,
2024-04-05,0.5078,0.27271,0.2633,0.07523,0.31032,
2024-04-06,0.31972,0.22569,0.31032,,0.29151,
2024-04-07,0.31972,0.09403,0.29151,0.19747,0.30092,
2024-04-08,0.31032,0.29151,0.27271,0.10344,0.24449,
2024-04-09,0.33853,0.29151,0.19747,0.11284,0.37615,
2024-04-10,0.40436,0.16926,0.39495,0.21628,0.28211,
2024-04-11,0.2633,0.15986,0.41376,0.11284,0.36674,
2024-04-12,0.40436,0.10344,0.37615,0.24449,0.5078,
2024-04-13,0.2633,0.17867,0.23509,0.15986,0.35734,
2024-04-14,0.30092,0.15986,0.27271,0.47959,0.28211,
2024-04-15,0.18807,0.20688,0.24449,0.15986,0.27271,
2024-04-16,0.28211,0.17867,0.13165,0.10344,0.18807,
2024-04-17,0.16926,0.17867,0.09403,0.08463,0.2539,
2024-04-18,0.19747,0.12224,0.17867,0.11284,0.31972,
2024-04-19,0.2539,0.12224,0.37615,0.10344,0.31972,
2024-04-20,0.21628,0.15986,0.23509,0.15046,0.37615,
2024-04-21,0.17867,0.13165,0.21628,0.09403,0.30092,
2024-04-22,0.13165,0.20688,0.20688,0.13165,0.14105,
2024-04-23,0.16926,0.38555,0.28211,0.19747,0.35734,
2024-04-24,0.10344,0.18807,0.16926,0.11284,0.2539,
2024-04-25,0.10344,0.09403,0.09403,0.05642,0.32913,
2024-04-26,0.09403,0.23509,0.23509,0.10344,0.29151,
2024-04-27,0.14105,0.2633,0.21628,0.18807,0.33853,
2024-04-28,0.12224,0.21628,0.21628,0.14105,0.2633,
2024-04-29,0.12224,0.22569,0.14105,0.12224,0.16926,
2024-04-30,0.17867,0.18807,0.18807,0.27271,0.27271,
2024-05-01,0.15046,0.17867,0.20688,0.10344,0.2633,
2024-05-02,0.06582,0.15986,0.15046,0.15986,0.42317,
2024-05-03,0.06582,0.23509,0.32913,0.09403,0.38555,
2024-05-04,0.22569,0.14105,0.45138,0.17867,0.33853,
2024-05-05,0.14105,0.09403,0.41376,0.18807,0.30092,
2024-05-06,0.07523,0.17867,0.29151,0.09403,0.30092,
2024-05-07,0.17867,0.18807,0.09403,,0.24449,
2024-05-08,0.16926,0.20688,0.21628,0.11284,0.28211,
2024-05-09,0.09403,0.18807,0.18807,0.08463,0.21628,
2024-05-10,0.08463,0.06582,0.23509,,0.31972,
2024-05-11,,0.13165,0.29151,0.11284,0.37615,
2024-05-12,0.20688,0.14105,0.17867,0.23509,0.2633,
2024-05-13,0.14105,0.19747,0.20688,0.10344,0.28211,
2024-05-14,0.05642,0.16926,0.12224,0.16926,0.2633,
2024-05-15,0.11284,0.18807,0.2633,0.08463,0.17867,
2024-05-16,0.15046,0.27271,0.17867,0.15046,0.36674,
2024-05-17,,0.08463,0.12224,0.14105,0.22569,
2024-05-18,0.14105,0.19747,0.35734,0.11284,0.31972,
2024-05-19,0.17867,0.2539,0.14105,0.10344,0.2633,
2024-05-20,0.14105,0.19747,0.12224,0.04701,0.21628,
2024-05-21,0.06582,0.15986,0.21628,0.08463,0.27271,
2024-05-22,0.14105,0.28211,0.14105,0.16926,0.24449,
2024-05-23,0.15986,0.22569,0.14105,0.04701,0.39495,
2024-05-24,0.07523,0.18807,0.19747,0.08463,0.27271,
2024-05-25,0.15046,0.15046,0.17867,0.13165,0.38555,
2024-05-26,0.15046,0.18807,0.17867,0.08463,0.28211,
2024-05-27,0.16926,0.23509,0.14105,0.04701,0.24449,
2024-05-28,0.06582,0.12224,0.07523,0.05642,0.24449,
2024-05-29,0.21628,0.24449,0.24449,,0.17867,
2024-05-30,0.15046,0.29151,0.18807,0.06582,0.2633,
2024-05-31,0.10344,0.27271,0.15046,0.05642,0.24449,
2024-06-01,0.16926,0.15046,0.18807,0.09403,0.38555,
2024-06-02,0.21628,0.11284,0.15046,0.11284,0.23509,
2024-06-03,0.13165,0.16926,0.18807,0.04701,0.06582,
2024-06-04,0.14105,0.19747,0.21628,0.11284,0.24449,
2024-06-05,0.11284,0.2539,0.21628,0.04701,0.19747,
2024-06-06,0.20688,0.2539,0.24449,0.07523,0.38555,
2024-06-07,0.17867,0.36674,0.15046,0.12224,0.37615,
2024-06-08,0.21628,0.19747,0.21628,0.05642,0.31972,
2024-06-09,0.31032,0.16926,0.13165,0.06582,0.18807,
2024-06-10,0.15046,0.42317,0.08463,0.06582,0.42317,
2024-06-11,0.15046,0.24449,0.05642,,0.18807,
2024-06-12,0.13165,0.15986,0.12224,,0.16926,
2024-06-13,0.13165,0.32913,0.11284,0.06582,0.13165,
2024-06-14,0.12224,0.15046,0.15046,,0.21628,
2024-06-15,0.16926,0.16926,0.29151,0.06582,0.30092,
2024-06-16,0.23509,0.18807,0.16926,0.06582,0.34794,
2024-06-17,0.18807,0.2539,0.09403,0.04701,0.41376,
2024-06-18,0.15986,0.17867,0.08463,0.06582,0.28211,
2024-06-19,0.27271,0.20688,0.04701,,0.17867,
2024-06-20,0.11284,0.23509,0.18807,,0.2633,
2024-06-21,0.15046,0.21628,0.19747,0.06582,0.17867,
2024-06-22,0.16926,0.20688,0.21628,,0.28211,
2024-06-23,0.33853,0.17867,0.22569,0.07523,0.22569,
2024-06-24,0.12224,0.23509,0.18807,0.04701,0.22569,
2024-06-25,0.19747,0.23509,0.13165,0.05642,0.14105,
2024-06-26,0.18807,0.33853,0.17867,0.10344,0.34794,
2024-06-27,0.14105,0.2633,0.37615,0.10344,0.41376,
2024-06-28,0.16926,0.32913,0.39495,0.05642,0.41376,
2024-06-29,0.15986,0.20688,0.16926,,0.21628,
2024-06-30,0.22569,0.28211,0.15986,0.06582,0.21628,
2024-07-01,0.30092,0.24449,0.15986,0.09403,0.18807,
2024-07-02,0.20688,0.31032,0.12224,0.12224,0.20688,
2024-07-03,0.08463,0.24449,0.15986,0.05642,0.29151,
2024-07-04,0.20688,0.20688,0.21628,0.05642,0.24449,
2024-07-05,0.24449,0.28211,0.23509,0.09403,0.37615,
2024-07-06,0.15046,0.30092,0.2539,,0.23509,
2024-07-07,0.21628,0.22569,0.11284,0.12224,0.24449,
2024-07-08,0.2633,0.34794,0.14105,0.06582,0.28211,
2024-07-09,0.2539,0.32913,0.13165,0.06582,0.40436,
2024-07-10,0.28211,0.35734,0.11284,0.05642,0.32913,
2024-07-11,0.30092,0.17867,0.17867,,0.27271,
2024-07-12,0.2539,0.22569,0.20688,0.09403,0.19747,
2024-07-13,0.33853,0.2633,0.16926,0.07523,0.27271,
2024-07-14,0.33853,0.19747,0.15046,0.17867,0.28211,
2024-07-15,0.2539,0.30092,0.08463,0.07523,0.37615,
2024-07-16,0.36674,0.31032,0.04701,,,
2024-07-17,0.19747,0.22569,0.18807,0.06582,0.13165,
2024-07-18,0.20688,0.37615,0.15986,0.09403,0.16926,
2024-07-19,0.24449,0.31972,0.2633,0.08463,0.28211,
2024-07-20,0.2539,0.31032,0.2633,0.11284,0.27271,
2024-07-21,0.27271,0.32913,0.21628,0.09403,0.15986,
2024-07-22,0.33853,0.24449,0.21628,0.05642,0.16926,
2024-07-23,0.32913,0.33853,0.21628,0.08463,0.27271,
2024-07-24,0.28211,0.39495,0.11284,0.15046,0.20688,
2024-07-25,0.31972,0.23509,0.36674,0.09403,0.17867,
2024-07-26,0.22569,0.35734,0.19747,0.10344,0.2633,
2024-07-27,0.27271,0.35734,0.28211,0.09403,0.2539,
2024-07-28,0.30092,0.47959,0.34794,0.06582,0.22569,
2024-07-29,0.2539,0.39495,0.33853,0.08463,0.40436,
2024-07-30,0.31972,0.31972,0.44197,0.13165,0.2633,
2024-07-31,0.38555,0.28211,0.38555,0.11284,0.33853,
2024-08-01,0.79932,0.34794,0.33853,0.08463,0.33853,
2024-08-02,0.66766,0.41376,0.27271,0.07523,0.27271,
2024-08-03,0.53601,0.31032,0.27271,0.09403,0.30092,
2024-08-04,0.78991,0.33853,0.35734,0.08463,0.31032,
2024-08-05,0.64886,0.44197,0.27271,0.11284,0.39495,
2024-08-06,0.58303,0.35734,0.24449,0.06582,0.32913,
2024-08-07,1.04382,0.38555,0.27271,0.07523,0.28211,
2024-08-08,0.68647,0.37615,0.2539,0.07523,0.28211,
2024-08-09,0.93097,0.30092,0.20688,0.12224,0.20688,
2024-08-10,0.83693,0.55482,0.22569,,0.23509,
2024-08-11,1.10024,0.55482,0.31972,0.07523,0.24449,
2024-08-12,1.12845,0.66766,0.20688,0.06582,0.30092,
2024-08-13,1.26951,0.56422,0.23509,0.06582,0.31972,
2024-08-14,1.01561,0.60184,0.22569,0.05642,0.36674,
2024-08-15,1.2507,0.41376,0.2539,0.07523,0.19747,
2024-08-16,1.38235,0.38555,0.31972,,0.31032,
2024-08-17,1.32593,0.41376,0.27271,0.04701,0.29151,
2024-08-18,2.16287,0.64886,0.18807,0.04701,0.17867,
2024-08-19,2.77412,0.69588,0.15046,0.04701,0.4984,
2024-08-20,2.20048,0.60184,0.12224,,0.33853,0.76142
2024-08-21,1.7491,0.46078,0.11284,0.05642,0.2633,
2024-08-22,1.91837,0.53601,0.15046,,0.23509,
2024-08-23,1.92777,0.34794,0.16926,,0.27271,
2024-08-24,1.89956,0.46078,0.15986,0.07523,0.39495,
2024-08-25,2.83054,0.4984,0.14105,,0.15046,
2024-08-26,2.68948,0.71468,0.36674,0.11284,0.31032,
2024-08-27,3.36656,0.58303,0.15046,,0.22569,
2024-08-28,3.7333,0.77111,0.14105,,0.17867,
2024-08-29,4.65488,0.59243,0.2539,0.04701,0.23509,
2024-08-30,4.14707,0.63945,0.2539,0.04701,0.18807,
2024-08-31,5.85856,0.67707,0.20688,0.06582,0.41376,
2024-09-01,6.98702,0.91216,0.14105,,0.17867,
2024-09-02,8.85837,1.35414,0.15986,0.08463,0.20688,
2024-09-03,9.11228,1.53281,0.19747,0.06582,0.19747,
2024-09-04,7.53244,1.64566,0.24449,0.04701,0.15986,
2024-09-05,7.37257,1.27891,0.19747,0.08463,0.17867,
2024-09-06,5.91498,1.30712,0.10344,0.04701,0.13165,
2024-09-07,6.26293,1.01561,0.14105,0.05642,0.43257,
2024-09-08,7.15629,1.13785,0.22569,0.05642,0.23509,
2024-09-09,8.10607,1.67387,0.15046,,0.20688,
2024-09-10,7.52303,2.05943,0.22569,0.08463,0.17867,
2024-09-11,9.55425,1.66447,0.09403,0.12224,0.19747,
2024-09-12,11.81117,1.45758,0.30092,0.09403,0.16926,
2024-09-13,7.57946,1.10024,0.33853,0.06582,0.24449,
2024-09-14,6.09366,0.89336,0.20688,0.14105,0.31972,
2024-09-15,6.33816,0.91216,0.2633,0.13165,0.47959,
2024-09-16,6.30054,0.85574,0.28211,0.04701,0.5172,0.76142
2024-09-17,9.55425,1.07203,0.23509,0.10344,0.40436,
2024-09-18,11.17171,1.38235,0.28211,0.19747,0.31032,
2024-09-19,14.15271,1.90897,0.32913,0.12224,0.30092,
2024-09-20,14.40662,2.53902,0.19747,0.12224,0.18807,
2024-09-21,12.3848,1.10964,0.18807,0.08463,0.18807,
2024-09-22,21.94846,1.29772,0.24449,0.12224,0.34794,
2024-09-23,100.0,1.9936,0.14105,0.30092,0.35734,
2024-09-24,42.74026,1.53281,0.24449,0.37615,0.31972,
2024-09-25,21.12093,1.29772,0.21628,0.08463,0.37615,
2024-09-26,15.1213,1.5046,0.22569,0.05642,0.44197,
2024-09-27,12.1309,1.28832,0.17867,0.10344,0.34794,
2024-09-28,10.21252,1.18487,0.31032,0.07523,0.30092,
2024-09-29,12.30016,1.2507,0.27271,0.09403,0.32913,0.63451
2024-09-30,13.08068,1.44818,0.29151,0.15986,0.4984,
2024-10-01,12.77976,1.35414,0.27271,0.15986,0.58303,
2024-10-02,12.8738,1.82433,0.15986,0.14105,0.42317,0.88832
2024-10-03,11.03065,1.62685,0.33853,0.13165,0.53601,
2024-10-04,12.06507,1.68328,0.39495,0.08463,0.48899,0.63451
2024-10-05,14.28437,1.76791,0.21628,0.11284,0.47959,
2024-10-06,15.97705,1.69268,0.2539,0.18807,0.33853,
2024-10-07,10.94602,2.43558,0.22569,0.09403,0.44197,0.76142
2024-10-08,9.35678,2.08764,0.31972,0.10344,0.24449,
2024-10-09,17.37822,1.95599,0.15986,0.10344,0.71468,1.01522
2024-10-10,19.51288,2.20048,0.2633,0.14105,0.42317,0.63451
2024-10-11,10.6451,2.36035,0.24449,0.13165,0.44197,0.63451
2024-10-12,8.57626,1.7491,0.31972,0.15046,0.52661,
2024-10-13,9.19691,1.94658,0.18807,0.13165,0.38555,0.88832
2024-10-14,23.35903,2.41677,0.12224,0.08463,0.43257,0.63451
2024-10-15,13.90821,2.15347,0.28211,0.15986,0.54542,
2024-10-16,13.35339,2.27571,0.28211,0.11284,0.47018,1.26903
2024-10-17,15.15892,1.75851,0.28211,0.07523,0.44197,
2024-10-18,13.81418,2.2475,0.41376,0.04701,0.40436,
2024-10-19,12.79857,2.13466,0.2539,,0.59243,
2024-10-20,14.46304,2.40737,0.32913,,0.47018,0.63451
2024-10-21,17.48166,2.90577,0.34794,0.04701,0.63945,1.01522
2024-10-22,22.99228,2.68948,0.20688,,0.61124,1.64974
2024-10-23,23.08632,3.2255,0.24449,0.05642,0.44197,
2024-10-24,24.75079,2.4826,0.34794,0.06582,0.83693,
2024-10-25,23.59413,2.42618,0.2539,0.05642,0.5172,0.63451
2024-10-26,23.17096,2.11585,0.23509,0.17867,0.52661,
2024-10-27,24.57212,2.7271,0.22569,0.11284,0.45138,
2024-10-28,29.38687,3.31954,0.32913,0.12224,0.63005,
2024-10-29,26.56573,2.89637,0.28211,0.10344,0.70528,0.63451
2024-10-30,25.60654,3.31954,0.15046,0.08463,0.5172,
2024-10-31,23.7634,3.35715,0.23509,0.19747,0.60184,
2024-11-01,21.13033,3.54523,0.17867,0.07523,0.53601,0.76142
2024-11-02,21.93906,3.27252,0.21628,0.12224,0.56422,
2024-11-03,20.47207,3.53582,0.23509,0.04701,0.39495,
2024-11-04,22.19296,4.83355,0.30092,0.13165,0.60184,2.41116
2024-11-05,16.94564,5.36016,0.2633,0.15046,0.42317,3.42639
2024-11-06,15.62911,5.32255,0.36674,0.13165,0.47959,4.94923
2024-11-07,13.91762,5.64227,0.20688,0.13165,0.56422,3.6802
2024-11-08,14.70754,5.10626,0.27271,0.10344,0.46078,3.29949
2024-11-09,12.6481,4.37276,0.40436,0.09403,0.46078,2.79187
2024-11-10,12.35659,5.04043,0.2633,0.11284,0.60184,3.93401
2024-11-11,11.93342,6.03723,0.20688,0.06582,0.53601,9.26395
2024-11-12,10.41,6.17829,0.21628,0.09403,0.32913,6.85279
2024-11-13,9.80816,5.2191,0.31032,0.09403,0.5078,5.32994
2024-11-14,9.13108,6.11246,0.22569,0.11284,0.5078,5.83756
2024-11-15,8.49163,5.37897,0.27271,0.06582,0.38555,3.8071
2024-11-16,6.72371,5.86797,0.2539,0.15046,0.31972,1.90355
2024-11-17,4.88057,7.33496,0.16926,0.04701,0.37615,2.79187
2024-11-18,3.85555,10.9084,0.24449,0.07523,0.20688,6.59898
2024-11-19,3.67688,9.73293,0.20688,0.06582,0.18807,6.47208
2024-11-20,2.99981,10.41,0.05642,0.10344,0.35734,8.24873
2024-11-21,3.32894,10.17491,0.16926,0.05642,0.45138,5.32994
2024-11-22,2.9904,10.20312,0.2633,0.12224,0.37615,7.99492
2024-11-23,2.41677,9.48843,0.31032,0.07523,0.60184,5.96446
2024-11-24,1.45758,11.05886,0.30092,0.10344,0.41376,5.58375
2024-11-25,0.90276,16.66353,0.12224,0.06582,0.27271,11.16751
2024-11-26,0.58303,16.49426,0.06582,0.04701,0.19747,8.88324
2024-11-27,0.21628,31.17359,0.12224,,0.08463,15.73604
2024-11-28,0.14105,31.17359,0.16926,0.05642,0.21628,26.39593
2024-11-29,0.15986,29.16118,0.23509,0.06582,0.24449,29.18781
2024-11-30,0.20688,26.43407,0.16926,0.06582,0.12224,26.77664
2024-12-01,0.23509,33.6656,0.10344,,0.17867,26.39593
2024-12-02,0.15046,51.27891,0.14105,,0.23509,36.29441
2024-12-03,0.15986,48.71167,0.05642,,0.34794,34.89847
2024-12-04,0.10344,41.24506,0.08463,,0.35734,27.79187
2024-12-05,0.09403,49.47338,0.11284,,0.31032,35.27918
2024-12-06,0.07523,46.67105,0.12224,0.05642,0.28211,32.2335
2024-12-07,0.09403,41.39552,0.09403,,0.46078,27.91878
2024-12-08,0.08463,47.06601,0.13165,0.04701,0.23509,34.13705
2024-12-09,0.08463,67.31239,0.10344,,0.20688,45.55837
2024-12-10,,54.04363,0.13165,,0.22569,46.31979
2024-12-11,,53.02802,0.31972,,0.16926,47.20812
2024-12-12,0.04701,50.72409,0.10344,,0.4984,42.25888
2024-12-13,,59.4132,0.12224,,0.23509,47.96954
2024-12-14,,56.62027,0.20688,0.05642,0.23509,44.41624
2024-12-15,,63.03366,0.20688,0.05642,0.09403,45.93908
2024-12-16,0.04701,70.63193,0.2539,0.06582,0.14105,59.39086
2024-12-17,,61.52905,0.13165,0.13165,0.2539,56.09137
2024-12-18,,58.97122,0.16926,0.06582,0.29151,59.26395
2024-12-19,,56.53564,0.09403,,0.32913,58.62944
2024-12-20,,64.00225,0.15986,0.05642,0.2539,75.88832
2024-12-21,,69.73857,0.20688,0.04701,0.35734,83.62944
2024-12-22,,67.65093,0.27271,0.09403,0.19747,94.54314
2024-12-23,,76.18958,0.31972,0.06582,0.23509,100.0
2024-12-24,,72.42806,0.39495,0.07523,0.2633,91.87817
2024-12-25,,70.59432,0.31032,0.07523,0.27271,98.98477
2024-12-26,0.04701,70.57551,0.34794,,0.2539,75.0
2024-12-27,,69.48467,0.27271,0.09403,0.23509,73.85786
2024-12-28,,69.66334,0.2633,0.08463,0.36674,80.71065
2024-12-29,,65.89242,0.17867,0.04701,0.2539,74.87309
2024-12-30,,72.32461,0.34794,0.14105,0.47959,67.76649
2024-12-31,,60.36298,0.30092,0.11284,0.29151,66.37055
2025-01-01,,70.78212,0.22346,0.06703,0.44692,100.0
2025-01-02,,83.91061,0.39106,0.1229,0.51396,82.40418
2025-01-03,,82.64804,0.07821,0.10055,0.35754,88.50174
2025-01-04,,82.90502,0.20111,,0.37988,83.27526
2025-01-05,,85.70949,0.17877,0.11173,0.53631,90.41811
2025-01-06,,89.31843,0.20111,0.13407,0.35754,78.04878
2025-01-07,,80.25698,0.2905,0.07821,0.4134,71.25435
2025-01-08,,76.46927,0.24581,0.05586,0.2905,82.92682
2025-01-09,,72.88268,0.2905,0.06703,0.30167,62.19512
2025-01-10,,74.26815,0.30167,0.22346,0.40223,65.85365
2025-01-11,,79.17318,0.31284,0.11173,0.35754,75.95818
2025-01-12,,78.35754,0.42458,0.07821,0.26815,83.27526
2025-01-13,,86.70391,0.32402,0.13407,0.54748,81.18466
2025-01-14,,75.41899,0.25698,0.10055,0.35754,78.74564
2025-01-15,,67.39664,0.4581,0.13407,0.25698,91.28919
2025-01-16,,68.14525,0.31284,0.10055,0.13407,73.51916
2025-01-17,,72.15642,0.30167,0.08938,0.25698,74.04181
2025-01-18,,72.1229,0.2905,,0.40223,78.91986
2025-01-19,,67.51955,0.25698,0.10055,0.24581,86.41114
2025-01-20,,78.68156,0.22346,0.06703,0.39106,81.01045
2025-01-21,,70.39106,0.36871,0.08938,0.21229,62.89198
2025-01-22,,61.58659,0.26815,0.1229,0.40223,59.23344
2025-01-23,,62.581,0.22346,0.13407,0.37988,63.58885
2025-01-24,,66.13407,0.34636,0.06703,0.27932,63.76306
2025-01-25,,74.71508,0.21229,0.13407,0.27932,81.5331
2025-01-26,,86.61452,0.33519,0.1229,0.44692,87.63066
2025-01-27,0.08938,91.50837,0.36871,,0.34636,71.60278
2025-01-28,0.08938,82.20111,0.54748,,0.48044,63.76306
2025-01-29,,100.0,0.37988,,0.39106,60.62717
2025-01-30,,87.3296,0.4134,0.05586,0.4581,74.39024
2025-01-31,,87.8324,0.34636,,0.2905,82.92682
2025-02-01,,77.3296,0.34636,0.08938,0.40223,76.30662
2025-02-02,0.06703,65.92178,0.34636,,0.31284,57.31707
2025-02-03,,65.00558,0.20111,0.1229,0.16759,41.98606
2025-02-04,,53.11731,0.24581,0.06703,0.31284,36.75958
2025-02-05,,53.53072,0.22346,0.06703,0.32402,39.54703
2025-02-06,,52.88268,0.21229,,0.16759,35.71428
2025-02-07,,54.33519,0.25698,0.1229,0.30167,45.64459
2025-02-08,,56.07821,0.24581,0.05586,0.34636,48.25783
2025-02-09,,53.57541,0.20111,0.07821,0.26815,44.07665
2025-02-10,,58.68156,0.22346,0.08938,0.18994,46.86411
2025-02-11,,52.14525,0.18994,0.06703,0.21229,35.71428
2025-02-12,,47.45251,0.25698,0.06703,0.22346,48.43205
2025-02-13,,48.7486,0.25698,0.10055,0.49162,42.16027
2025-02-14,,47.84357,0.17877,,0.22346,41.98606
2025-02-15,0.06703,46.49162,0.31284,0.06703,0.25698,39.89547
2025-02-16,0.05586,42.31284,0.32402,0.07821,0.33519,38.50174
2025-02-17,,44.32402,0.13407,,0.26815,31.01045
2025-02-18,,41.26256,0.2905,,0.22346,32.92682
2025-02-19,,35.25139,0.40223,,0.21229,27.87456
2025-02-20,,37.96648,0.27932,,0.34636,26.1324
2025-02-21,,38.54748,0.20111,0.08938,0.39106,30.4878
2025-02-22,,35.96648,0.31284,0.05586,0.23463,30.31358
2025-02-23,,29.15083,0.35754,,0.49162,28.04878
2025-02-24,,30.60335,0.21229,0.10055,0.30167,24.91289
2025-02-25,,23.34078,0.23463,,0.31284,19.16376
2025-02-26,,23.38547,0.20111,0.21229,0.24581,19.33797
2025-02-27,,21.30726,0.30167,0.10055,0.26815,14.63414
2025-02-28,0.05586,21.87709,0.21229,,0.33519,15.50522
2025-03-01,0.05586,20.01117,0.33519,0.08938,0.44692,11.49825
2025-03-02,0.10055,15.85474,0.51396,0.17877,0.34636,6.09756
2025-03-03,0.11173,11.16201,0.1229,,0.16759,2.78745
2025-03-04,0.17877,7.15083,0.08938,0.05586,0.05586,2.09059
2025-03-05,,4.07821,0.11173,,0.16759,
2025-03-06,0.05586,3.17318,0.08938,,0.21229,0.87108
2025-03-07,,3.00558,,,0.16759,
2025-03-08,0.11173,2.71508,0.05586,,0.07821,
2025-03-09,0.10055,2.14525,0.06703,,0.08938,
2025-03-10,,1.53072,0.11173,,0.32402,1.21951
2025-03-11,0.08938,1.55307,,,0.27932,
2025-03-12,0.61452,1.30726,0.13407,,0.23463,
2025-03-13,0.42458,1.51955,0.18994,,0.13407,1.21951
2025-03-14,0.16759,1.25139,0.13407,,0.34636,1.21951
2025-03-15,0.16759,1.45251,0.33519,0.05586,0.2905,
2025-03-16,0.10055,1.27374,0.16759,,0.30167,
2025-03-17,0.06703,1.31843,0.15642,,0.39106,1.21951
2025-03-18,0.13407,1.67597,0.10055,,0.18994,
2025-03-19,0.07821,1.0391,0.07821,0.06703,0.11173,1.21951
2025-03-20,0.23463,0.80446,0.30167,,0.14525,
2025-03-21,0.06703,0.62569,0.35754,0.05586,0.24581,
2025-03-22,0.13407,0.70391,0.44692,,0.24581,
2025-03-23,0.13407,0.68156,0.26815,,0.20111,
2025-03-24,0.10055,0.37988,0.13407,,0.23463,
2025-03-25,0.06703,0.22346,0.32402,,0.33519,
2025-03-26,0.10055,0.4134,0.14525,0.07821,0.37988,
2025-03-27,0.08938,0.23463,0.17877,0.05586,0.22346,
2025-03-28,0.13407,0.34636,0.42458,,0.35754,
2025-03-29,0.23463,0.33519,0.4134,,0.60335,
2025-03-30,0.07821,0.24581,0.27932,,0.32402,
2025-03-31,0.36871,0.27932,0.16759,0.08938,0.21229,
2025-04-01,0.17877,0.32402,0.22346,0.07821,0.22346,
2025-04-02,0.2905,0.16759,0.23463,0.07821,0.33519,
2025-04-03,0.23463,0.2905,0.50279,0.50279,0.33519,
2025-04-04,0.2905,0.24581,0.4134,0.10055,0.34636,
2025-04-05,0.20111,0.33519,0.34636,0.06703,0.4581,
2025-04-06,0.2905,0.27932,0.30167,0.1229,0.34636,
2025-04-07,0.32402,0.10055,0.18994,0.05586,0.35754,
2025-04-08,0.22346,0.21229,0.18994,0.10055,0.4134,
2025-04-09,0.2905,0.35754,0.18994,,0.35754,
2025-04-10,0.24581,0.32402,0.20111,0.07821,0.49162,
2025-04-11,0.31284,0.21229,0.23463,0.20111,0.23463,
2025-04-12,0.35754,0.11173,0.36871,0.1229,0.52513,
2025-04-13,0.20111,0.11173,0.21229,0.10055,0.22346,
2025-04-14,0.21229,0.25698,0.23463,0.14525,0.33519,
2025-04-15,0.18994,0.23463,0.15642,0.11173,0.37988,
2025-04-16,0.15642,0.13407,0.1229,0.13407,0.30167,
2025-04-17,0.07821,0.15642,0.14525,0.08938,0.40223,
2025-04-18,0.08938,0.21229,0.22346,0.08938,0.52513,
2025-04-19,0.18994,0.18994,0.44692,0.06703,0.4581,
2025-04-20,0.15642,0.20111,0.32402,0.10055,0.32402,
2025-04-21,0.1229,0.17877,0.21229,0.15642,0.31284,
2025-04-22,0.06703,0.24581,0.11173,0.13407,0.34636,
2025-04-23,0.08938,0.20111,0.2905,0.08938,0.24581,
2025-04-24,0.1229,0.24581,0.56983,0.16759,0.36871,
2025-04-25,0.1229,0.18994,0.30167,0.16759,0.55865,
2025-04-26,0.23463,0.1229,0.37988,0.13407,0.4581,
2025-04-27,0.21229,0.25698,0.13407,0.1229,0.24581,
2025-04-28,0.21229,0.16759,0.18994,0.14525,0.51396,
2025-04-29,0.11173,0.22346,0.31284,0.07821,0.48044,
2025-04-30,,0.25698,0.32402,0.2905,0.39106,
2025-05-01,0.10055,0.20111,0.39106,0.1229,0.77094,
2025-05-02,0.11173,0.15642,0.20111,0.17877,0.35754,
2025-05-03,0.07821,0.27932,0.31284,0.23463,0.64804,
2025-05-04,0.16759,0.22346,0.35754,0.27932,0.60335,
2025-05-05,0.23463,0.18994,0.49162,0.11173,0.36871,
2025-05-06,0.05586,0.25698,0.15642,0.10055,0.34636,
2025-05-07,0.11173,0.18994,0.24581,0.11173,0.30167,
2025-05-08,,0.13407,0.23463,0.05586,0.44692,
2025-05-09,,0.10055,0.16759,0.10055,0.30167,
2025-05-10,0.11173,0.16759,0.31284,0.11173,0.48044,
2025-05-11,0.11173,0.15642,0.15642,0.06703,0.43575,
2025-05-12,,0.20111,0.16759,0.06703,0.34636,
2025-05-13,0.14525,0.20111,0.26815,,0.54748,
2025-05-14,0.05586,0.32402,0.15642,0.08938,0.23463,
2025-05-15,0.05586,0.20111,0.13407,0.07821,0.27932,
2025-05-16,,0.26815,0.22346,0.06703,0.39106,
2025-05-17,0.11173,0.1229,0.32402,0.10055,0.32402,
2025-05-18,0.15642,0.20111,0.18994,0.06703,0.25698,
2025-05-19,0.08938,0.17877,0.22346,0.10055,0.2905,
2025-05-20,0.07821,0.26815,0.1229,0.1229,0.40223,
2025-05-21,,0.22346,0.18994,0.05586,0.39106,
2025-05-22,,0.18994,0.11173,,0.18994,
2025-05-23,0.14525,0.21229,0.14525,0.11173,0.27932,
2025-05-24,0.10055,0.1229,0.21229,0.07821,0.30167,
2025-05-25,0.08938,0.15642,0.21229,0.06703,0.27932,
2025-05-26,0.13407,0.21229,0.07821,,0.23463,
2025-05-27,,0.21229,0.1229,0.06703,0.16759,
2025-05-28,,0.22346,0.1229,,0.39106,
2025-05-29,,0.14525,0.16759,0.05586,0.39106,
2025-05-30,0.05586,0.18994,0.11173,0.07821,0.26815,
2025-05-31,0.07821,0.25698,0.35754,0.08938,0.30167,
2025-06-01,0.13407,0.14525,0.36871,0.10055,0.23463,
2025-06-02,0.1229,0.21229,0.30167,0.06703,0.55865,
2025-06-03,0.11173,0.20111,0.14525,0.10055,0.33519,
2025-06-04,,0.11173,0.18994,0.1229,0.36871,
2025-06-05,,0.16759,0.26815,,0.51396,
2025-06-06,0.14525,0.24581,0.24581,0.07821,0.35754,
2025-06-07,0.13407,0.22346,0.30167,,0.37988,
2025-06-08,0.13407,0.20111,0.07821,,0.31284,
2025-06-09,,0.18994,0.05586,,0.22346,
2025-06-10,0.10055,0.20111,0.10055,,0.30167,
