date,ski_field,hwadam_foliage
2023-01-01,69.02187,
2023-01-02,85.97446,
2023-01-03,76.60785,
2023-01-04,75.12805,
2023-01-05,75.2988,
2023-01-06,78.7625,0.04701
2023-01-07,85.54354,
2023-01-08,77.40466,0.04701
2023-01-09,87.34043,
2023-01-10,78.60801,
2023-01-11,73.67265,
2023-01-12,72.32295,
2023-01-13,74.00601,
2023-01-14,76.2257,
2023-01-15,80.722,
2023-01-16,77.78681,0.05642
2023-01-17,70.58297,
2023-01-18,66.46068,
2023-01-19,65.57443,
2023-01-20,79.51052,
2023-01-21,68.08683,
2023-01-22,91.58468,0.07523
2023-01-23,100.0,
2023-01-24,68.74542,0.05642
2023-01-25,77.45345,
2023-01-26,78.58362,
2023-01-27,77.29896,
2023-01-28,80.28294,0.05642
2023-01-29,70.68867,
2023-01-30,74.82722,
2023-01-31,66.42003,
2023-02-01,61.30579,
2023-02-02,60.72851,
2023-02-03,65.96471,
2023-02-04,71.00577,0.04701
2023-02-05,60.08618,
2023-02-06,65.18416,
2023-02-07,54.32962,
2023-02-08,50.7277,
2023-02-09,49.80892,
2023-02-10,53.72794,
2023-02-11,63.11082,0.04701
2023-02-12,51.93105,0.05642
2023-02-13,53.4515,
2023-02-14,42.83275,
2023-02-15,40.86511,
2023-02-16,40.37726,0.06582
2023-02-17,40.31222,
2023-02-18,39.06008,0.05642
2023-02-19,35.14919,0.05642
2023-02-20,35.40125,
2023-02-21,30.07561,0.04701
2023-02-22,25.96146,0.10344
2023-02-23,25.90454,0.06582
2023-02-24,26.32734,
2023-02-25,28.13236,0.05642
2023-02-26,21.96926,0.06582
2023-02-27,20.14797,0.10344
2023-02-28,17.67623,0.06582
2023-03-01,9.08203,0.08463
2023-03-02,4.55321,0.16926
2023-03-03,3.92714,0.19747
2023-03-04,3.24416,0.08463
2023-03-05,2.47987,0.04701
2023-03-06,2.02455,
2023-03-07,1.37409,0.04701
2023-03-08,1.44727,0.13165
2023-03-09,1.21961,0.10344
2023-03-10,1.06512,0.2539
2023-03-11,1.01634,0.10344
2023-03-12,0.95942,0.17867
2023-03-13,0.98381,0.07523
2023-03-14,0.84559,0.11284
2023-03-15,0.73989,0.07523
2023-03-16,0.73989,0.13165
2023-03-17,0.54475,0.18807
2023-03-18,0.63419,0.20688
2023-03-19,0.65045,0.20688
2023-03-20,0.54475,0.15046
2023-03-21,0.43092,0.22569
2023-03-22,0.30896,0.18807
2023-03-23,0.35775,0.2539
2023-03-24,0.23579,0.28211
2023-03-25,0.41466,0.30092
2023-03-26,0.20326,0.2539
2023-03-27,0.26831,0.27271
2023-03-28,0.22766,0.34794
2023-03-29,0.23579,0.31972
2023-03-30,0.19513,0.2539
2023-03-31,0.187,0.37615
2023-04-01,0.19513,0.40436
2023-04-02,0.10569,0.37615
2023-04-03,0.22766,0.36674
2023-04-04,0.17074,0.35734
2023-04-05,0.11383,0.35734
2023-04-06,0.187,0.29151
2023-04-07,0.20326,0.23509
2023-04-08,0.187,0.36674
2023-04-09,0.32522,0.17867
2023-04-10,0.21139,0.20688
2023-04-11,0.17074,0.22569
2023-04-12,0.19513,0.20688
2023-04-13,0.11383,0.12224
2023-04-14,0.19513,0.33853
2023-04-15,0.11383,0.16926
2023-04-16,0.20326,0.24449
2023-04-17,0.26831,0.18807
2023-04-18,0.21953,0.07523
2023-04-19,0.19513,0.10344
2023-04-20,0.20326,0.08463
2023-04-21,0.28457,0.15986
2023-04-22,0.23579,0.22569
2023-04-23,0.26018,0.22569
2023-04-24,0.16261,0.11284
2023-04-25,0.17074,0.09403
2023-04-26,0.23579,0.13165
2023-04-27,0.15448,0.12224
2023-04-28,0.17074,0.10344
2023-04-29,0.13822,0.15986
2023-04-30,0.33336,0.24449
2023-05-01,0.24392,0.22569
2023-05-02,0.22766,0.20688
2023-05-03,0.17887,0.05642
2023-05-04,0.23579,0.15046
2023-05-05,0.10569,0.17867
2023-05-06,0.17887,0.08463
2023-05-07,0.15448,0.11284
2023-05-08,0.15448,0.06582
2023-05-09,0.23579,0.13165
2023-05-10,0.187,0.07523
2023-05-11,0.26018,0.16926
2023-05-12,0.10569,
2023-05-13,0.21139,0.14105
2023-05-14,0.24392,0.19747
2023-05-15,0.21953,0.16926
2023-05-16,0.187,0.09403
2023-05-17,0.27644,0.11284
2023-05-18,0.27644,0.07523
2023-05-19,0.187,0.09403
2023-05-20,0.17887,0.21628
2023-05-21,0.26831,0.28211
2023-05-22,0.13822,0.15986
2023-05-23,0.15448,0.15046
2023-05-24,0.26018,0.12224
2023-05-25,0.23579,0.06582
2023-05-26,0.09756,0.08463
2023-05-27,0.16261,0.21628
2023-05-28,0.13822,0.19747
2023-05-29,0.17887,0.15986
2023-05-30,0.32522,0.16926
2023-05-31,0.16261,0.18807
2023-06-01,0.17074,0.09403
2023-06-02,0.13822,0.11284
2023-06-03,0.25205,0.15986
2023-06-04,0.26018,0.21628
2023-06-05,0.15448,0.08463
2023-06-06,0.26831,0.34794
2023-06-07,0.30083,0.37615
2023-06-08,0.32522,0.30092
2023-06-09,0.27644,0.08463
2023-06-10,0.23579,0.21628
2023-06-11,0.30083,0.24449
2023-06-12,0.31709,0.23509
2023-06-13,0.22766,0.2633
2023-06-14,0.26018,0.11284
2023-06-15,0.30083,0.12224
2023-06-16,0.25205,0.2633
2023-06-17,0.22766,0.22569
2023-06-18,0.28457,0.2539
2023-06-19,0.22766,0.28211
2023-06-20,0.17074,0.18807
2023-06-21,0.24392,0.17867
2023-06-22,0.30896,0.17867
2023-06-23,0.21139,0.2539
2023-06-24,0.25205,0.19747
2023-06-25,0.26831,0.23509
2023-06-26,0.28457,0.17867
2023-06-27,0.27644,0.15046
2023-06-28,0.24392,0.2539
2023-06-29,0.17887,0.24449
2023-06-30,0.21139,0.14105
2023-07-01,0.24392,0.17867
2023-07-02,0.25205,0.30092
2023-07-03,0.26831,0.32913
2023-07-04,0.17074,0.33853
2023-07-05,0.22766,0.29151
2023-07-06,0.19513,0.23509
2023-07-07,0.38214,0.2633
2023-07-08,0.30896,0.30092
2023-07-09,0.21139,0.36674
2023-07-10,0.23579,0.23509
2023-07-11,0.26018,0.30092
2023-07-12,0.30083,0.15986
2023-07-13,0.28457,0.31032
2023-07-14,0.26018,0.17867
2023-07-15,0.187,0.34794
2023-07-16,0.20326,0.40436
2023-07-17,0.32522,0.46078
2023-07-18,0.31709,0.37615
2023-07-19,0.26831,0.28211
2023-07-20,0.21139,0.23509
2023-07-21,0.24392,0.17867
2023-07-22,0.26831,0.35734
2023-07-23,0.23579,0.38555
2023-07-24,0.22766,0.38555
2023-07-25,0.33336,0.39495
2023-07-26,0.34149,0.36674
2023-07-27,0.31709,0.5172
2023-07-28,0.2927,0.41376
2023-07-29,0.23579,0.31972
2023-07-30,0.3984,0.66766
2023-07-31,0.46345,0.63005
2023-08-01,0.49597,0.65826
2023-08-02,0.26018,0.91216
2023-08-03,0.30083,0.7617
2023-08-04,0.3984,0.67707
2023-08-05,0.45532,0.70528
2023-08-06,0.45532,0.67707
2023-08-07,0.42279,0.94978
2023-08-08,0.54475,0.88395
2023-08-09,0.47158,0.81813
2023-08-10,0.36588,0.7617
2023-08-11,0.37401,1.09084
2023-08-12,0.28457,1.2413
2023-08-13,0.34149,1.65506
2023-08-14,0.58541,1.4952
2023-08-15,0.48784,1.57983
2023-08-16,0.51223,1.87135
2023-08-17,0.39027,1.85254
2023-08-18,0.47158,1.90897
2023-08-19,0.38214,1.54222
2023-08-20,0.38214,2.18168
2023-08-21,0.56102,2.87756
2023-08-22,0.52849,2.31333
2023-08-23,0.69924,3.01861
2023-08-24,0.68298,2.7365
2023-08-25,0.65859,3.36656
2023-08-26,0.60167,3.58284
2023-08-27,0.55289,7.56065
2023-08-28,0.72363,9.22512
2023-08-29,0.64232,9.12168
2023-08-30,0.63419,6.88358
2023-08-31,0.86185,7.48542
2023-09-01,0.83746,9.61068
2023-09-02,0.7155,8.77374
2023-09-03,0.69111,10.70152
2023-09-04,1.14643,16.74816
2023-09-05,0.91877,10.69211
2023-09-06,0.80494,7.41019
2023-09-07,0.79681,7.02463
2023-09-08,0.9269,6.48862
2023-09-09,0.91877,6.78954
2023-09-10,0.80494,8.96182
2023-09-11,1.3497,9.83637
2023-09-12,1.21148,8.59507
2023-09-13,1.30091,7.72051
2023-09-14,1.20334,8.9336
2023-09-15,1.17082,7.91799
2023-09-16,1.17895,7.45721
2023-09-17,1.00008,10.59808
2023-09-18,1.43101,10.06206
2023-09-19,1.58549,20.00188
2023-09-20,1.52044,73.18976
2023-09-21,1.38222,40.17302
2023-09-22,2.43109,14.09629
2023-09-23,1.06512,9.50724
2023-09-24,1.1383,8.11547
2023-09-25,1.39848,6.46041
2023-09-26,1.33344,5.54824
2023-09-27,1.1383,5.78333
2023-09-28,0.78868,5.98081
2023-09-29,0.76428,6.6861
2023-09-30,1.244,8.50103
2023-10-01,1.0326,5.60466
2023-10-02,1.26026,5.08745
2023-10-03,1.47979,7.51363
2023-10-04,1.79689,6.95881
2023-10-05,1.62614,4.83355
2023-10-06,1.73997,5.81154
2023-10-07,1.65054,5.44479
2023-10-08,1.7481,4.92759
2023-10-09,1.94324,4.63607
2023-10-10,2.3823,5.52003
2023-10-11,2.37417,5.01222
2023-10-12,2.0652,5.60466
2023-10-13,1.8782,4.76772
2023-10-14,1.60988,4.52322
2023-10-15,2.02455,5.25672
2023-10-16,2.21969,6.71431
2023-10-17,2.66688,7.70171
2023-10-18,2.72379,7.33496
2023-10-19,2.47987,6.85536
2023-10-20,2.12212,8.00263
2023-10-21,2.09773,7.38198
2023-10-22,2.55305,8.65149
2023-10-23,2.9108,9.97743
2023-10-24,3.24416,8.85837
2023-10-25,2.87828,8.9336
2023-10-26,2.89454,9.32856
2023-10-27,2.60183,8.77374
2023-10-28,2.33352,7.08106
2023-10-29,2.65875,7.52303
2023-10-30,4.1792,7.87097
2023-10-31,3.91088,6.22531
2023-11-01,4.30116,6.63908
2023-11-02,4.08163,5.7175
2023-11-03,3.62631,5.24731
2023-11-04,2.96772,4.08124
2023-11-05,3.36612,4.37276
2023-11-06,4.73209,4.77712
2023-11-07,5.80535,4.15647
2023-11-08,5.32563,4.11886
2023-11-09,5.56142,3.33834
2023-11-10,5.13862,2.46379
2023-11-11,5.04106,2.53902
2023-11-12,6.04114,1.33533
2023-11-13,8.71615,1.55162
2023-11-14,8.50475,1.18487
2023-11-15,8.78933,1.09084
2023-11-16,8.26083,0.4984
2023-11-17,9.7081,0.7617
2023-11-18,8.65924,0.44197
2023-11-19,9.65119,0.23509
2023-11-20,12.89535,0.33853
2023-11-21,12.83031,0.14105
2023-11-22,13.37507,0.23509
2023-11-23,13.74095,0.23509
2023-11-24,19.31051,0.13165
2023-11-25,17.65997,0.16926
2023-11-26,21.20497,0.07523
2023-11-27,30.92934,0.08463
2023-11-28,32.03512,
2023-11-29,32.90511,0.07523
2023-11-30,33.43361,0.04701
2023-12-01,39.71867,0.04701
2023-12-02,34.27107,0.07523
2023-12-03,37.31197,
2023-12-04,50.53256,
2023-12-05,50.81713,
2023-12-06,46.01187,
2023-12-07,47.08512,
2023-12-08,55.45979,
2023-12-09,51.79282,
2023-12-10,47.57297,
2023-12-11,52.11805,
2023-12-12,51.81722,
2023-12-13,49.13407,
2023-12-14,43.49134,
2023-12-15,50.809,
2023-12-16,66.28994,0.05642
2023-12-17,58.10228,
2023-12-18,66.12732,
2023-12-19,60.16749,
2023-12-20,62.43597,
2023-12-21,59.02105,
2023-12-22,62.63923,
2023-12-23,73.22546,
2023-12-24,80.08781,
2023-12-25,71.7538,
2023-12-26,81.28303,
2023-12-27,73.20107,
2023-12-28,70.36344,
2023-12-29,67.94048,
2023-12-30,80.86023,
2023-12-31,76.19318,
2024-01-01,65.41182,
2024-01-02,76.36393,
2024-01-03,71.59118,
2024-01-04,71.32287,
2024-01-05,73.45312,0.04701
2024-01-06,79.40482,
2024-01-07,76.15253,
2024-01-08,76.40458,0.04701
2024-01-09,77.65672,
2024-01-10,71.4367,
2024-01-11,69.98943,
2024-01-12,74.39629,
2024-01-13,77.02252,
2024-01-14,69.61541,
2024-01-15,74.72965,
2024-01-16,67.33067,
2024-01-17,68.5015,
2024-01-18,64.59061,
2024-01-19,66.37124,
2024-01-20,70.19269,
2024-01-21,66.23302,0.05642
2024-01-22,64.63127,0.04701
2024-01-23,55.61427,0.05642
2024-01-24,55.57362,
2024-01-25,54.84998,
2024-01-26,61.51719,0.05642
2024-01-27,75.75412,0.05642
2024-01-28,67.99739,
2024-01-29,68.2901,0.04701
2024-01-30,59.86665,
2024-01-31,50.88218,
2024-02-01,54.76868,
2024-02-02,54.91503,
2024-02-03,57.63883,
2024-02-04,52.5002,0.05642
2024-02-05,55.12643,
2024-02-06,47.65428,
2024-02-07,43.15798,
2024-02-08,48.10147,
2024-02-09,46.207,
2024-02-10,52.96365,0.13165
2024-02-11,57.65509,0.06582
2024-02-12,48.65436,0.04701
2024-02-13,45.45898,0.08463
2024-02-14,39.26335,
2024-02-15,22.44084,0.12224
2024-02-16,20.75778,0.05642
2024-02-17,19.652,0.07523
2024-02-18,15.22074,
2024-02-19,15.56224,
2024-02-20,15.03374,
2024-02-21,15.93625,
2024-02-22,21.14806,0.06582
2024-02-23,18.57874,0.04701
2024-02-24,17.92828,0.08463
2024-02-25,14.78982,0.06582
2024-02-26,13.93609,0.04701
2024-02-27,10.48052,0.04701
2024-02-28,10.40735,
2024-02-29,11.81396,0.10344
2024-03-01,10.74071,0.07523
2024-03-02,7.85429,0.12224
2024-03-03,3.92714,0.18807
2024-03-04,2.301,0.08463
2024-03-05,1.71558,0.07523
2024-03-06,1.39848,0.13165
2024-03-07,1.21148,0.22569
2024-03-08,1.244,0.05642
2024-03-09,1.32531,0.11284
2024-03-10,0.99195,0.2633
2024-03-11,0.80494,1.10964
2024-03-12,0.54475,0.5078
2024-03-13,0.52036,0.29151
2024-03-14,0.40653,0.18807
2024-03-15,0.5041,0.22569
2024-03-16,0.48784,0.20688
2024-03-17,0.30083,0.12224
2024-03-18,0.43092,0.15986
2024-03-19,0.2927,0.11284
2024-03-20,0.32522,0.19747
2024-03-21,0.21953,0.11284
2024-03-22,0.23579,0.13165
2024-03-23,0.13822,0.15986
2024-03-24,0.21139,0.18807
2024-03-25,0.22766,0.2633
2024-03-26,0.33336,0.20688
2024-03-27,0.16261,0.31032
2024-03-28,0.30083,0.2539
2024-03-29,0.187,0.19747
2024-03-30,0.20326,0.16926
2024-03-31,0.13009,0.22569
2024-04-01,0.26018,0.21628
2024-04-02,0.21953,0.31972
2024-04-03,0.16261,0.29151
2024-04-04,0.26831,0.29151
2024-04-05,0.23579,0.5078
2024-04-06,0.19513,0.31972
2024-04-07,0.0813,0.31972
2024-04-08,0.25205,0.31032
2024-04-09,0.25205,0.33853
2024-04-10,0.14635,0.40436
2024-04-11,0.13822,0.2633
2024-04-12,0.08943,0.40436
2024-04-13,0.15448,0.2633
2024-04-14,0.13822,0.30092
2024-04-15,0.17887,0.18807
2024-04-16,0.15448,0.28211
2024-04-17,0.15448,0.16926
2024-04-18,0.10569,0.19747
2024-04-19,0.10569,0.2539
2024-04-20,0.13822,0.21628
2024-04-21,0.11383,0.17867
2024-04-22,0.17887,0.13165
2024-04-23,0.33336,0.16926
2024-04-24,0.16261,0.10344
2024-04-25,0.0813,0.10344
2024-04-26,0.20326,0.09403
2024-04-27,0.22766,0.14105
2024-04-28,0.187,0.12224
2024-04-29,0.19513,0.12224
2024-04-30,0.16261,0.17867
2024-05-01,0.15448,0.15046
2024-05-02,0.13822,0.06582
2024-05-03,0.20326,0.06582
2024-05-04,0.12196,0.22569
2024-05-05,0.0813,0.14105
2024-05-06,0.15448,0.07523
2024-05-07,0.16261,0.17867
2024-05-08,0.17887,0.16926
2024-05-09,0.16261,0.09403
2024-05-10,0.05691,0.08463
2024-05-11,0.11383,
2024-05-12,0.12196,0.20688
2024-05-13,0.17074,0.14105
2024-05-14,0.14635,0.05642
2024-05-15,0.16261,0.11284
2024-05-16,0.23579,0.15046
2024-05-17,0.07317,
2024-05-18,0.17074,0.14105
2024-05-19,0.21953,0.17867
2024-05-20,0.17074,0.14105
2024-05-21,0.13822,0.06582
2024-05-22,0.24392,0.14105
2024-05-23,0.19513,0.15986
2024-05-24,0.16261,0.07523
2024-05-25,0.13009,0.15046
2024-05-26,0.16261,0.15046
2024-05-27,0.20326,0.16926
2024-05-28,0.10569,0.06582
2024-05-29,0.21139,0.21628
2024-05-30,0.25205,0.15046
2024-05-31,0.23579,0.10344
2024-06-01,0.13009,0.16926
2024-06-02,0.09756,0.21628
2024-06-03,0.14635,0.13165
2024-06-04,0.17074,0.14105
2024-06-05,0.21953,0.11284
2024-06-06,0.21953,0.20688
2024-06-07,0.31709,0.17867
2024-06-08,0.17074,0.21628
2024-06-09,0.14635,0.31032
2024-06-10,0.36588,0.15046
2024-06-11,0.21139,0.15046
2024-06-12,0.13822,0.13165
2024-06-13,0.28457,0.13165
2024-06-14,0.13009,0.12224
2024-06-15,0.14635,0.16926
2024-06-16,0.16261,0.23509
2024-06-17,0.21953,0.18807
2024-06-18,0.15448,0.15986
2024-06-19,0.17887,0.27271
2024-06-20,0.20326,0.11284
2024-06-21,0.187,0.15046
2024-06-22,0.17887,0.16926
2024-06-23,0.15448,0.33853
2024-06-24,0.20326,0.12224
2024-06-25,0.20326,0.19747
2024-06-26,0.2927,0.18807
2024-06-27,0.22766,0.14105
2024-06-28,0.28457,0.16926
2024-06-29,0.17887,0.15986
2024-06-30,0.24392,0.22569
2024-07-01,0.21139,0.30092
2024-07-02,0.26831,0.20688
2024-07-03,0.21139,0.08463
2024-07-04,0.17887,0.20688
2024-07-05,0.24392,0.24449
2024-07-06,0.26018,0.15046
2024-07-07,0.19513,0.21628
2024-07-08,0.30083,0.2633
2024-07-09,0.28457,0.2539
2024-07-10,0.30896,0.28211
2024-07-11,0.15448,0.30092
2024-07-12,0.19513,0.2539
2024-07-13,0.22766,0.33853
2024-07-14,0.17074,0.33853
2024-07-15,0.26018,0.2539
2024-07-16,0.26831,0.36674
2024-07-17,0.19513,0.19747
2024-07-18,0.32522,0.20688
2024-07-19,0.27644,0.24449
2024-07-20,0.26831,0.2539
2024-07-21,0.28457,0.27271
2024-07-22,0.21139,0.33853
2024-07-23,0.2927,0.32913
2024-07-24,0.34149,0.28211
2024-07-25,0.20326,0.31972
2024-07-26,0.30896,0.22569
2024-07-27,0.30896,0.27271
2024-07-28,0.41466,0.30092
2024-07-29,0.34149,0.2539
2024-07-30,0.27644,0.31972
2024-07-31,0.24392,0.38555
2024-08-01,0.30083,0.79932
2024-08-02,0.35775,0.66766
2024-08-03,0.26831,0.53601
2024-08-04,0.2927,0.78991
2024-08-05,0.38214,0.64886
2024-08-06,0.30896,0.58303
2024-08-07,0.33336,1.04382
2024-08-08,0.32522,0.68647
2024-08-09,0.26018,0.93097
2024-08-10,0.47971,0.83693
2024-08-11,0.47971,1.10024
2024-08-12,0.57728,1.12845
2024-08-13,0.48784,1.26951
2024-08-14,0.52036,1.01561
2024-08-15,0.35775,1.2507
2024-08-16,0.33336,1.38235
2024-08-17,0.35775,1.32593
2024-08-18,0.56102,2.16287
2024-08-19,0.60167,2.77412
2024-08-20,0.52036,2.20048
2024-08-21,0.3984,1.7491
2024-08-22,0.46345,1.91837
2024-08-23,0.30083,1.92777
2024-08-24,0.3984,1.89956
2024-08-25,0.43092,2.83054
2024-08-26,0.61793,2.68948
2024-08-27,0.5041,3.36656
2024-08-28,0.66672,3.7333
2024-08-29,0.51223,4.65488
2024-08-30,0.55289,4.14707
2024-08-31,0.58541,5.85856
2024-09-01,0.78868,6.98702
2024-09-02,1.17082,8.85837
2024-09-03,1.32531,9.11228
2024-09-04,1.42287,7.53244
2024-09-05,1.10578,7.37257
2024-09-06,1.13017,5.91498
2024-09-07,0.87812,6.26293
2024-09-08,0.98381,7.15629
2024-09-09,1.44727,8.10607
2024-09-10,1.78063,7.52303
2024-09-11,1.43914,9.55425
2024-09-12,1.26026,11.81117
2024-09-13,0.95129,7.57946
2024-09-14,0.77242,6.09366
2024-09-15,0.78868,6.33816
2024-09-16,0.73989,6.30054
2024-09-17,0.9269,9.55425
2024-09-18,1.19521,11.17171
2024-09-19,1.65054,14.15271
2024-09-20,2.1953,14.40662
2024-09-21,0.95942,12.3848
2024-09-22,1.12204,21.94846
2024-09-23,1.72371,100.0
2024-09-24,1.32531,42.74026
2024-09-25,1.12204,21.12093
2024-09-26,1.30091,15.1213
2024-09-27,1.11391,12.1309
2024-09-28,1.02447,10.21252
2024-09-29,1.08138,12.30016
2024-09-30,1.25213,13.08068
2024-10-01,1.17082,12.77976
2024-10-02,1.57736,12.8738
2024-10-03,1.40661,11.03065
2024-10-04,1.4554,12.06507
2024-10-05,1.52857,14.28437
2024-10-06,1.46353,15.97705
2024-10-07,2.10586,10.94602
2024-10-08,1.80502,9.35678
2024-10-09,1.69119,17.37822
2024-10-10,1.90259,19.51288
2024-10-11,2.04081,10.6451
2024-10-12,1.51231,8.57626
2024-10-13,1.68306,9.19691
2024-10-14,2.0896,23.35903
2024-10-15,1.86193,13.90821
2024-10-16,1.96763,13.35339
2024-10-17,1.52044,15.15892
2024-10-18,1.94324,13.81418
2024-10-19,1.84567,12.79857
2024-10-20,2.08147,14.46304
2024-10-21,2.51239,17.48166
2024-10-22,2.32539,22.99228
2024-10-23,2.78884,23.08632
2024-10-24,2.14651,24.75079
2024-10-25,2.09773,23.59413
2024-10-26,1.82941,23.17096
2024-10-27,2.35791,24.57212
2024-10-28,2.87015,29.38687
2024-10-29,2.50426,26.56573
2024-10-30,2.87015,25.60654
2024-10-31,2.90267,23.7634
2024-11-01,3.06528,21.13033
2024-11-02,2.82949,21.93906
2024-11-03,3.05715,20.47207
2024-11-04,4.1792,22.19296
2024-11-05,4.63452,16.94564
2024-11-06,4.602,15.62911
2024-11-07,4.87844,13.91762
2024-11-08,4.41499,14.70754
2024-11-09,3.78079,12.6481
2024-11-10,4.35807,12.35659
2024-11-11,5.21993,11.93342
2024-11-12,5.34189,10.41
2024-11-13,4.51256,9.80816
2024-11-14,5.28498,9.13108
2024-11-15,4.65078,8.49163
2024-11-16,5.07358,6.72371
2024-11-17,6.34197,4.88057
2024-11-18,9.43166,3.85555
2024-11-19,8.41531,3.67688
2024-11-20,9.00073,2.99981
2024-11-21,8.79746,3.32894
2024-11-22,8.82185,2.9904
2024-11-23,8.20391,2.41677
2024-11-24,9.56175,1.45758
2024-11-25,14.40767,0.90276
2024-11-26,14.26132,0.58303
2024-11-27,26.95341,0.21628
2024-11-28,26.95341,0.14105
2024-11-29,25.21343,0.15986
2024-11-30,22.85551,0.20688
2024-12-01,29.10805,0.23509
2024-12-02,44.33693,0.15046
2024-12-03,42.11724,0.15986
2024-12-04,35.66143,0.10344
2024-12-05,42.77583,0.09403
2024-12-06,40.35287,0.07523
2024-12-07,35.79152,0.09403
2024-12-08,40.69436,0.08463
2024-12-09,58.19985,0.08463
2024-12-10,46.72737,
2024-12-11,45.84925,
2024-12-12,43.85722,0.04701
2024-12-13,51.37003,
2024-12-14,48.95519,
2024-12-15,54.50036,
2024-12-16,61.07,0.04701
2024-12-17,53.19944,
2024-12-18,50.98788,
2024-12-19,48.88202,
2024-12-20,55.33783,
2024-12-21,60.29758,
2024-12-22,58.49256,
2024-12-23,65.87527,
2024-12-24,62.62297,
2024-12-25,61.03748,
2024-12-26,61.02122,0.04701
2024-12-27,60.07805,
2024-12-28,60.23253,
2024-12-29,56.97211,
2024-12-30,62.53353,
2024-12-31,52.19123,
2025-01-01,51.50825,
2025-01-02,61.06187,
2025-01-03,60.1431,
2025-01-04,60.3301,
2025-01-05,62.37092,
2025-01-06,64.99715,
2025-01-07,58.40312,
2025-01-08,55.6468,
2025-01-09,53.03683,
2025-01-10,54.04504,
2025-01-11,57.61444,
2025-01-12,57.02089,
2025-01-13,63.09456,
2025-01-14,54.88251,
2025-01-15,49.04463,
2025-01-16,49.58939,
2025-01-17,52.50833,
2025-01-18,52.48394,
2025-01-19,49.13407,
2025-01-20,57.25668,
2025-01-21,51.22367,
2025-01-22,44.81665,
2025-01-23,45.54028,
2025-01-24,48.12586,
2025-01-25,54.37027,
2025-01-26,63.02951,
2025-01-27,66.59077,0.07523
2025-01-28,59.81787,0.07523
2025-01-29,72.77014,
2025-01-30,63.54988,
2025-01-31,63.91576,
2025-02-01,56.27286,
2025-02-02,47.97137,0.05642
2025-02-03,47.30465,
2025-02-04,38.65354,
2025-02-05,38.95438,
2025-02-06,38.4828,
2025-02-07,39.53979,
2025-02-08,40.80819,
2025-02-09,38.9869,
2025-02-10,42.70265,
2025-02-11,37.94617,
2025-02-12,34.53126,
2025-02-13,35.47442,
2025-02-14,34.81583,
2025-02-15,33.83201,0.05642
2025-02-16,30.79112,0.04701
2025-02-17,32.25465,
2025-02-18,30.02683,
2025-02-19,25.65249,
2025-02-20,27.62826,
2025-02-21,28.05106,
2025-02-22,26.17285,
2025-02-23,21.2131,
2025-02-24,22.2701,
2025-02-25,16.98512,
2025-02-26,17.01764,
2025-02-27,15.50532,
2025-02-28,15.91999,0.04701
2025-03-01,14.56215,0.04701
2025-03-02,11.53752,0.08463
2025-03-03,8.12261,0.09403
2025-03-04,5.20367,0.15046
2025-03-05,2.96772,
2025-03-06,2.30913,0.04701
2025-03-07,2.18716,
2025-03-08,1.97577,0.09403
2025-03-09,1.5611,0.08463
2025-03-10,1.11391,
2025-03-11,1.13017,0.07523
2025-03-12,0.95129,0.5172
2025-03-13,1.10578,0.35734
2025-03-14,0.91064,0.14105
2025-03-15,1.05699,0.14105
2025-03-16,0.9269,0.08463
2025-03-17,0.95942,0.05642
2025-03-18,1.21961,0.11284
2025-03-19,0.75615,0.06582
2025-03-20,0.58541,0.19747
2025-03-21,0.45532,0.05642
2025-03-22,0.51223,0.11284
2025-03-23,0.49597,0.11284
2025-03-24,0.27644,0.08463
2025-03-25,0.16261,0.05642
2025-03-26,0.30083,0.08463
2025-03-27,0.17074,0.07523
2025-03-28,0.25205,0.11284
2025-03-29,0.24392,0.19747
2025-03-30,0.17887,0.06582
2025-03-31,0.20326,0.31032
2025-04-01,0.23579,0.15046
2025-04-02,0.12196,0.24449
2025-04-03,0.21139,0.19747
2025-04-04,0.17887,0.24449
2025-04-05,0.24392,0.16926
2025-04-06,0.20326,0.24449
2025-04-07,0.07317,0.27271
2025-04-08,0.15448,0.18807
2025-04-09,0.26018,0.24449
2025-04-10,0.23579,0.20688
2025-04-11,0.15448,0.2633
2025-04-12,0.0813,0.30092
2025-04-13,0.0813,0.16926
2025-04-14,0.187,0.17867
2025-04-15,0.17074,0.15986
2025-04-16,0.09756,0.13165
2025-04-17,0.11383,0.06582
2025-04-18,0.15448,0.07523
2025-04-19,0.13822,0.15986
2025-04-20,0.14635,0.13165
2025-04-21,0.13009,0.10344
2025-04-22,0.17887,0.05642
2025-04-23,0.14635,0.07523
2025-04-24,0.17887,0.10344
2025-04-25,0.13822,0.10344
2025-04-26,0.08943,0.19747
2025-04-27,0.187,0.17867
2025-04-28,0.12196,0.17867
2025-04-29,0.16261,0.09403
2025-04-30,0.187,
2025-05-01,0.14635,0.08463
2025-05-02,0.11383,0.09403
2025-05-03,0.20326,0.06582
2025-05-04,0.16261,0.14105
2025-05-05,0.13822,0.19747
2025-05-06,0.187,0.04701
2025-05-07,0.13822,0.09403
2025-05-08,0.09756,
2025-05-09,0.07317,
2025-05-10,0.12196,0.09403
2025-05-11,0.11383,0.09403
2025-05-12,0.14635,
2025-05-13,0.14635,0.12224
2025-05-14,0.23579,0.04701
2025-05-15,0.14635,0.04701
2025-05-16,0.19513,
2025-05-17,0.08943,0.09403
2025-05-18,0.14635,0.13165
2025-05-19,0.13009,0.07523
2025-05-20,0.19513,0.06582
2025-05-21,0.16261,
2025-05-22,0.13822,
2025-05-23,0.15448,0.12224
2025-05-24,0.08943,0.08463
2025-05-25,0.11383,0.07523
2025-05-26,0.15448,0.11284
2025-05-27,0.15448,
2025-05-28,0.16261,
2025-05-29,0.10569,
2025-05-30,0.13822,0.04701
2025-05-31,0.187,0.06582
2025-06-01,0.10569,0.11284
2025-06-02,0.15448,0.10344
2025-06-03,0.14635,0.09403
2025-06-04,0.0813,
2025-06-05,0.12196,
2025-06-06,0.17887,0.12224
2025-06-07,0.16261,0.11284
2025-06-08,0.14635,0.11284
2025-06-09,0.13822,
2025-06-10,0.14635,0.08463
