date,gonjiam,hwadam
2023-01-01,2.9839,0.27762
2023-01-02,3.73009,0.19379
2023-01-03,3.39123,0.20344
2023-01-04,3.07322,0.19466
2023-01-05,3.04645,0.20871
2023-01-06,3.17286,0.2357
2023-01-07,3.1992,0.25963
2023-01-08,3.08902,0.43367
2023-01-09,3.27689,0.28443
2023-01-10,2.8937,0.22912
2023-01-11,2.78835,0.23219
2023-01-12,2.60312,0.22846
2023-01-13,2.77891,0.21442
2023-01-14,2.69486,0.2886
2023-01-15,3.11185,0.24251
2023-01-16,2.88162,0.21551
2023-01-17,2.66369,0.21025
2023-01-18,2.46266,0.19027
2023-01-19,2.44247,0.17798
2023-01-20,2.71132,0.15933
2023-01-21,2.32549,0.20366
2023-01-22,2.82632,0.33578
2023-01-23,3.25099,0.33973
2023-01-24,2.42162,0.19883
2023-01-25,2.71285,0.19225
2023-01-26,2.72163,0.1883
2023-01-27,2.66062,0.19401
2023-01-28,2.53706,0.2379
2023-01-29,2.3696,0.25195
2023-01-30,2.5094,0.21924
2023-01-31,2.22783,0.23175
2023-02-01,2.10031,0.23219
2023-02-02,2.09592,0.26094
2023-02-03,2.25241,0.28179
2023-02-04,2.26974,0.33073
2023-02-05,2.03601,0.35861
2023-02-06,2.20039,0.31713
2023-02-07,1.90565,0.30703
2023-02-08,1.7935,0.29935
2023-02-09,1.77506,0.31866
2023-02-10,1.96863,0.336
2023-02-11,1.96271,0.40689
2023-02-12,1.74017,0.37485
2023-02-13,1.89862,0.51487
2023-02-14,1.66247,0.43608
2023-02-15,1.54594,0.45166
2023-02-16,1.46473,0.38231
2023-02-17,1.4948,0.42094
2023-02-18,1.38528,0.47185
2023-02-19,1.4125,0.47537
2023-02-20,1.43949,0.44947
2023-02-21,1.28543,0.46066
2023-02-22,1.1206,0.63667
2023-02-23,1.10063,0.70317
2023-02-24,1.14145,0.6742
2023-02-25,1.10392,0.70712
2023-02-26,0.96785,0.9165
2023-02-27,0.98366,1.25031
2023-02-28,0.86361,1.34622
2023-03-01,0.67706,1.24417
2023-03-02,0.50785,1.28038
2023-03-03,0.52321,1.30254
2023-03-04,0.41523,1.28148
2023-03-05,0.46988,1.35675
2023-03-06,0.55108,1.86855
2023-03-07,0.584,1.67476
2023-03-08,0.58334,2.36675
2023-03-09,0.61539,3.18098
2023-03-10,0.66872,4.18154
2023-03-11,0.53726,2.0382
2023-03-12,0.48941,1.84924
2023-03-13,0.6437,2.39418
2023-03-14,0.6246,2.60663
2023-03-15,0.66301,2.91235
2023-03-16,0.69286,4.03976
2023-03-17,0.74509,3.57822
2023-03-18,0.60814,2.45915
2023-03-19,0.60858,2.57481
2023-03-20,0.75782,3.26548
2023-03-21,0.70208,3.28896
2023-03-22,0.63404,3.83083
2023-03-23,0.75036,4.60665
2023-03-24,0.708,4.48858
2023-03-25,0.64918,3.87889
2023-03-26,0.67991,4.66525
2023-03-27,0.79842,5.9825
2023-03-28,0.8838,5.94761
2023-03-29,0.7835,6.61809
2023-03-30,0.79645,7.62962
2023-03-31,0.81093,9.14615
2023-04-01,0.7192,7.59845
2023-04-02,0.65379,5.97065
2023-04-03,0.87151,5.13513
2023-04-04,0.80984,4.19668
2023-04-05,0.72468,3.6919
2023-04-06,0.77626,3.85453
2023-04-07,0.80852,4.07246
2023-04-08,0.70976,3.78189
2023-04-09,0.6279,3.20249
2023-04-10,0.85856,2.67949
2023-04-11,0.79886,2.37685
2023-04-12,0.77779,2.57108
2023-04-13,0.79996,2.57415
2023-04-14,0.68123,2.58841
2023-04-15,0.62395,2.36148
2023-04-16,0.6685,2.31013
2023-04-17,0.84912,2.28642
2023-04-18,0.73917,2.04106
2023-04-19,0.73697,2.46288
2023-04-20,0.70186,2.28708
2023-04-21,0.75541,2.95822
2023-04-22,0.66696,3.13687
2023-04-23,0.72622,2.71549
2023-04-24,0.79974,2.30003
2023-04-25,0.74685,2.07749
2023-04-26,0.72732,2.20807
2023-04-27,0.71722,2.50787
2023-04-28,0.75453,2.50019
2023-04-29,0.70208,2.51884
2023-04-30,0.75694,3.11733
2023-05-01,0.72995,2.48197
2023-05-02,0.89082,2.21312
2023-05-03,0.82783,1.8183
2023-05-04,0.78438,1.53847
2023-05-05,0.72073,1.55186
2023-05-06,0.64436,1.58325
2023-05-07,0.62965,1.56591
2023-05-08,0.74465,1.65062
2023-05-09,0.77648,1.67059
2023-05-10,0.68342,1.63285
2023-05-11,0.76199,1.66401
2023-05-12,0.75234,1.77352
2023-05-13,0.64567,2.0742
2023-05-14,0.64875,1.70439
2023-05-15,0.79667,1.42062
2023-05-16,0.76265,1.47592
2023-05-17,0.74509,1.41777
2023-05-18,0.70647,1.38309
2023-05-19,0.77099,1.62451
2023-05-20,0.65006,1.81127
2023-05-21,0.70778,1.56108
2023-05-22,1.61507,1.59641
2023-05-23,0.92703,1.60805
2023-05-24,0.78328,1.45859
2023-05-25,0.82103,1.52509
2023-05-26,0.84649,1.736
2023-05-27,0.76133,1.44344
2023-05-28,0.6922,1.20312
2023-05-29,0.66696,1.42084
2023-05-30,0.88731,1.34337
2023-05-31,0.84298,1.47263
2023-06-01,1.07035,2.595
2023-06-02,0.97137,1.97105
2023-06-03,0.81488,2.34261
2023-06-04,0.88402,2.51862
2023-06-05,0.94064,2.57415
2023-06-06,0.77428,2.30091
2023-06-07,0.87831,1.61287
2023-06-08,0.85307,1.36838
2023-06-09,0.84429,1.51938
2023-06-10,0.65094,1.56218
2023-06-11,0.67881,1.50819
2023-06-12,0.92089,1.43818
2023-06-13,0.8399,1.40591
2023-06-14,0.78547,1.30167
2023-06-15,0.80347,1.3719
2023-06-16,0.841,1.58917
2023-06-17,0.72775,1.64382
2023-06-18,0.67903,1.31835
2023-06-19,0.91979,0.99946
2023-06-20,0.90157,1.05367
2023-06-21,0.80237,1.05081
2023-06-22,0.77999,1.19983
2023-06-23,0.85724,1.28521
2023-06-24,0.69374,1.32844
2023-06-25,0.63931,0.98607
2023-06-26,0.83244,0.63624
2023-06-27,0.79579,0.72293
2023-06-28,0.79689,0.6584
2023-06-29,0.77406,0.57698
2023-06-30,0.78855,0.7655
2023-07-01,0.81488,0.92045
2023-07-02,0.74092,0.79601
2023-07-03,1.00209,0.57215
2023-07-04,0.87151,0.54603
2023-07-05,0.85461,0.63119
2023-07-06,0.82893,0.64216
2023-07-07,0.85307,0.70559
2023-07-08,0.75277,0.841
2023-07-09,0.74004,0.55832
2023-07-10,0.92089,0.48129
2023-07-11,0.75541,0.45342
2023-07-12,0.75387,0.44047
2023-07-13,0.76989,0.42379
2023-07-14,0.78899,0.39087
2023-07-15,0.6663,0.4949
2023-07-16,0.67311,0.51004
2023-07-17,0.84846,0.45013
2023-07-18,0.81774,0.43345
2023-07-19,0.78964,0.487
2023-07-20,0.80764,0.4589
2023-07-21,0.80501,0.4769
2023-07-22,0.74136,0.54757
2023-07-23,0.80567,0.487
2023-07-24,0.9999,0.55876
2023-07-25,0.97619,0.5998
2023-07-26,0.92989,0.59783
2023-07-27,0.94657,0.64984
2023-07-28,0.98409,0.70647
2023-07-29,0.86339,0.65204
2023-07-30,0.91847,0.6246
2023-07-31,1.09317,0.60683
2023-08-01,1.2198,0.64984
2023-08-02,1.15594,0.60946
2023-08-03,1.19347,0.70822
2023-08-04,1.13355,0.68057
2023-08-05,0.90662,0.61078
2023-08-06,0.95688,0.59234
2023-08-07,1.20466,0.57983
2023-08-08,1.08571,0.64677
2023-08-09,0.98344,0.55679
2023-08-10,1.01438,0.51641
2023-08-11,1.0822,0.80874
2023-08-12,0.90596,0.95995
2023-08-13,0.97049,1.07452
2023-08-14,1.06837,1.02404
2023-08-15,0.87304,0.93098
2023-08-16,0.99726,0.82454
2023-08-17,0.97356,0.7982
2023-08-18,0.94591,0.80194
2023-08-19,0.77231,0.81115
2023-08-20,0.75585,0.83529
2023-08-21,1.04467,1.26897
2023-08-22,0.95205,0.91738
2023-08-23,0.89126,0.9413
2023-08-24,0.88467,1.00999
2023-08-25,0.93866,1.19808
2023-08-26,0.82213,1.26414
2023-08-27,0.93954,1.93374
2023-08-28,1.13706,2.1892
2023-08-29,1.05103,2.45256
2023-08-30,0.96807,1.98531
2023-08-31,1.14518,2.24385
2023-09-01,1.28389,3.25099
2023-09-02,0.97071,3.02757
2023-09-03,0.94942,3.23607
2023-09-04,1.34929,6.40718
2023-09-05,1.13289,3.35524
2023-09-06,1.03984,2.57239
2023-09-07,1.06332,2.58732
2023-09-08,0.96654,2.52872
2023-09-09,0.82893,2.74116
2023-09-10,0.92396,3.1305
2023-09-11,1.12719,3.74172
2023-09-12,1.06069,3.50316
2023-09-13,1.01109,2.98192
2023-09-14,1.05498,3.2161
2023-09-15,0.97751,3.04996
2023-09-16,0.91408,2.69047
2023-09-17,0.86317,3.50119
2023-09-18,1.13333,4.4776
2023-09-19,1.21059,7.93227
2023-09-20,1.87294,100.0
2023-09-21,1.51631,39.01392
2023-09-22,1.31154,11.50369
2023-09-23,0.83464,7.10114
2023-09-24,0.80018,7.1492
2023-09-25,0.98804,7.34036
2023-09-26,0.85702,5.42615
2023-09-27,0.85768,5.39784
2023-09-28,0.77406,5.89428
2023-09-29,0.81796,7.00435
2023-09-30,0.99902,7.68097
2023-10-01,1.03786,8.32863
2023-10-02,1.03984,8.03673
2023-10-03,1.02272,7.24489
2023-10-04,1.79964,10.94404
2023-10-05,1.24614,8.76405
2023-10-06,1.15813,9.16042
2023-10-07,0.93757,7.79795
2023-10-08,0.91957,8.2483
2023-10-09,0.99682,8.03037
2023-10-10,1.20466,9.69724
2023-10-11,1.13553,9.14878
2023-10-12,1.11226,9.4747
2023-10-13,1.06288,9.43168
2023-10-14,0.90267,8.43946
2023-10-15,0.95951,9.04717
2023-10-16,1.25931,12.14125
2023-10-17,1.19522,12.41448
2023-10-18,1.15287,12.02098
2023-10-19,1.08483,11.94175
2023-10-20,1.01965,13.12578
2023-10-21,0.8816,11.81204
2023-10-22,0.97883,12.11337
2023-10-23,1.32844,15.46642
2023-10-24,1.16889,14.14544
2023-10-25,1.08703,13.48374
2023-10-26,1.05849,13.51951
2023-10-27,1.05301,15.34242
2023-10-28,0.85066,13.879
2023-10-29,0.9819,13.0178
2023-10-30,1.23868,14.5756
2023-10-31,1.15133,12.9434
2023-11-01,1.21937,12.56702
2023-11-02,1.29881,12.81216
2023-11-03,1.11292,12.17109
2023-11-04,0.9255,10.10918
2023-11-05,0.96193,8.29505
2023-11-06,1.19808,8.17697
2023-11-07,1.18403,6.64289
2023-11-08,1.10129,5.85872
2023-11-09,1.09954,5.22402
2023-11-10,1.07057,5.00389
2023-11-11,0.91452,4.34921
2023-11-12,1.05257,3.35261
2023-11-13,1.36707,2.59785
2023-11-14,1.36092,2.28533
2023-11-15,1.35105,1.80886
2023-11-16,1.44081,1.47658
2023-11-17,1.48997,1.53277
2023-11-18,1.08198,1.44717
2023-11-19,1.11534,1.15243
2023-11-20,1.53101,0.8838
2023-11-21,1.40723,0.81752
2023-11-22,1.36421,0.73302
2023-11-23,1.39318,0.74948
2023-11-24,1.56678,0.61539
2023-11-25,1.28411,0.70339
2023-11-26,1.42896,0.57544
2023-11-27,1.83739,0.34807
2023-11-28,1.77462,0.39526
2023-11-29,1.82334,0.31581
2023-11-30,1.79723,0.26094
2023-12-01,1.95459,0.25897
2023-12-02,1.65391,0.2853
2023-12-03,1.74104,0.28048
2023-12-04,2.35534,0.23878
2023-12-05,2.27501,0.25282
2023-12-06,2.08298,0.21442
2023-12-07,2.0066,0.24163
2023-12-08,2.20654,0.2717
2023-12-09,1.98356,0.31362
2023-12-10,2.00331,0.28618
2023-12-11,2.49799,0.18808
2023-12-12,2.20083,0.19686
2023-12-13,2.12094,0.20103
2023-12-14,1.95568,0.18632
2023-12-15,2.13631,0.17601
2023-12-16,2.34217,0.19071
2023-12-17,2.22936,0.16855
2023-12-18,2.68432,0.14616
2023-12-19,2.45366,0.15165
2023-12-20,2.31627,0.1556
2023-12-21,2.27962,0.14309
2023-12-22,2.23858,0.13541
2023-12-23,2.37289,0.18676
2023-12-24,2.54737,0.22078
2023-12-25,2.38277,0.20322
2023-12-26,2.79998,0.17996
2023-12-27,2.54342,0.16986
2023-12-28,2.46551,0.1804
2023-12-29,2.24604,0.20213
2023-12-30,2.59741,0.19444
2023-12-31,2.44927,0.20849
2024-01-01,2.85725,0.29084
2024-01-02,3.36275,0.23161
2024-01-03,3.25736,0.22772
2024-01-04,2.91453,0.23133
2024-01-05,2.86976,0.233
2024-01-06,2.85892,0.29056
2024-01-07,3.06718,0.25997
2024-01-08,3.08581,0.1963
2024-01-09,3.17284,0.20881
2024-01-10,2.89951,0.22605
2024-01-11,2.84946,0.24857
2024-01-12,2.8667,0.29028
2024-01-13,2.86976,0.29556
2024-01-14,2.78106,0.24329
2024-01-15,3.0466,0.24246
2024-01-16,2.8528,0.24635
2024-01-17,2.84168,0.2508
2024-01-18,2.64649,0.24301
2024-01-19,2.45769,0.26025
2024-01-20,2.5044,0.25803
2024-01-21,2.58587,0.2761
2024-01-22,2.67513,0.19658
2024-01-23,2.31366,0.19825
2024-01-24,2.26889,0.20242
2024-01-25,2.12709,0.22744
2024-01-26,2.32589,0.25969
2024-01-27,2.4157,0.32003
2024-01-28,2.44184,0.31086
2024-01-29,2.58031,0.24746
2024-01-30,2.16546,0.25747
2024-01-31,1.90353,0.26192
2024-02-01,2.01281,0.27527
2024-02-02,1.96248,0.30502
2024-02-03,1.92967,0.34951
2024-02-04,1.90604,0.43403
2024-02-05,2.10373,0.4079
2024-02-06,1.73948,0.35952
2024-02-07,1.68332,0.33977
2024-02-08,1.63021,0.35423
2024-02-09,1.5974,0.48575
2024-02-10,1.7228,0.60031
2024-02-11,1.89519,0.57334
2024-02-12,1.61297,0.57584
2024-02-13,1.74866,0.78187
2024-02-14,1.67915,1.1464
2024-02-15,1.93551,0.79661
2024-02-16,1.91577,0.75741
2024-02-17,1.70612,0.74434
2024-02-18,1.55069,0.71431
2024-02-19,1.66052,0.80328
2024-02-20,1.50425,0.76992
2024-02-21,1.64745,0.70736
2024-02-22,2.04256,0.70207
2024-02-23,1.76534,0.69985
2024-02-24,1.74643,0.72793
2024-02-25,1.50731,0.793
2024-02-26,1.50314,0.96316
2024-02-27,1.22453,1.02656
2024-02-28,1.26012,1.53678
2024-02-29,1.26429,2.1257
2024-03-01,1.29182,1.67998
2024-03-02,0.93953,1.51593
2024-03-03,0.61365,1.9002
2024-03-04,0.60615,2.17352
2024-03-05,0.56972,1.84125
2024-03-06,0.67371,2.02532
2024-03-07,0.56527,2.06925
2024-03-08,0.54525,2.31894
2024-03-09,0.4724,2.01336
2024-03-10,0.54053,3.50288
2024-03-11,1.17615,100.0
2024-03-12,0.91006,22.27495
2024-03-13,0.80579,10.56705
2024-03-14,0.7816,7.28994
2024-03-15,0.70458,4.85282
2024-03-16,0.60781,4.02506
2024-03-17,0.59502,4.03591
2024-03-18,0.736,5.36777
2024-03-19,0.69067,4.67487
2024-03-20,0.6384,5.39613
2024-03-21,0.67177,4.73437
2024-03-22,0.69735,4.0537
2024-03-23,0.57417,3.8624
2024-03-24,0.54748,4.51805
2024-03-25,0.70652,5.95696
2024-03-26,0.70652,6.1808
2024-03-27,0.73711,6.82254
2024-03-28,0.73683,7.38364
2024-03-29,0.8347,10.0357
2024-03-30,0.66064,8.83535
2024-03-31,0.60948,8.2153
2024-04-01,0.91951,10.63657
2024-04-02,0.82191,11.43068
2024-04-03,0.81747,10.21587
2024-04-04,0.86918,11.09285
2024-04-05,0.82636,11.89363
2024-04-06,0.59808,9.47904
2024-04-07,0.65981,7.04581
2024-04-08,0.84388,7.79238
2024-04-09,0.77381,8.76751
2024-04-10,0.62422,6.70437
2024-04-11,0.70903,6.3087
2024-04-12,0.72571,6.36681
2024-04-13,0.61004,5.30215
2024-04-14,0.67121,4.05426
2024-04-15,0.83526,3.25876
2024-04-16,0.77492,3.37303
2024-04-17,0.72487,3.33883
2024-04-18,0.78632,3.49844
2024-04-19,0.72015,3.22483
2024-04-20,0.58946,2.62591
2024-04-21,0.58668,2.7666
2024-04-22,0.78215,2.69431
2024-04-23,0.76269,2.64287
2024-04-24,0.66426,2.3993
2024-04-25,0.63256,2.60061
2024-04-26,0.68289,2.87115
2024-04-27,0.61393,3.02102
2024-04-28,0.64563,2.61673
2024-04-29,0.77298,2.48216
2024-04-30,0.72376,2.79941
2024-05-01,0.65953,2.67318
2024-05-02,0.78048,2.29225
2024-05-03,0.76881,2.60116
2024-05-04,0.6448,2.58226
2024-05-05,0.61866,1.4973
2024-05-06,0.58752,1.36384
2024-05-07,0.68984,1.50397
2024-05-08,0.67343,1.58238
2024-05-09,0.68511,1.56403
2024-05-10,0.85,1.70862
2024-05-11,0.59725,1.59545
2024-05-12,0.63395,1.82985
2024-05-13,0.81413,1.82707
2024-05-14,0.7157,1.86266
2024-05-15,0.57834,1.48451
2024-05-16,0.74017,1.69166
2024-05-17,0.74323,1.78091
2024-05-18,0.61671,1.86739
2024-05-19,0.58919,1.54374
2024-05-20,0.78493,1.37857
2024-05-21,0.71959,1.38858
2024-05-22,0.76658,1.39526
2024-05-23,0.67733,1.31518
2024-05-24,0.67927,1.49535
2024-05-25,0.60809,1.45226
2024-05-26,0.5611,1.11192
2024-05-27,0.72599,1.18672
2024-05-28,0.7068,1.33742
2024-05-29,0.71181,1.33075
2024-05-30,0.71069,1.3035
2024-05-31,0.70291,1.62354
2024-06-01,0.63729,1.66274
2024-06-02,0.62617,1.49007
2024-06-03,0.9095,2.2561
2024-06-04,0.79911,1.62409
2024-06-05,0.82748,1.79203
2024-06-06,0.68122,1.96609
2024-06-07,0.76408,1.51037
2024-06-08,0.5992,1.22787
2024-06-09,0.61226,1.16614
2024-06-10,0.75657,1.03462
2024-06-11,0.74184,0.96539
2024-06-12,0.70652,1.03101
2024-06-13,0.71153,0.9615
2024-06-14,0.73016,0.97734
2024-06-15,0.58251,1.16447
2024-06-16,0.5764,1.13166
2024-06-17,0.74712,1.05214
2024-06-18,0.79494,1.00654
2024-06-19,0.76575,0.89615
2024-06-20,0.73044,0.85222
2024-06-21,0.74045,0.92563
2024-06-22,0.61143,0.87057
2024-06-23,0.60281,0.99375
2024-06-24,0.78076,0.89226
2024-06-25,0.76575,1.00654
2024-06-26,0.77937,0.92702
2024-06-27,0.741,0.95176
2024-06-28,0.74823,0.93258
2024-06-29,0.61004,0.83637
2024-06-30,0.60031,0.61365
2024-07-01,0.85667,0.53358
2024-07-02,0.71042,0.42764
2024-07-03,0.75018,0.50966
2024-07-04,0.77353,0.51189
2024-07-05,0.81329,0.61699
2024-07-06,0.64146,0.65647
2024-07-07,0.63006,0.63506
2024-07-08,0.73322,0.49882
2024-07-09,0.76102,0.54359
2024-07-10,0.72043,0.61477
2024-07-11,0.73878,0.64313
2024-07-12,0.72015,0.69401
2024-07-13,0.6979,0.81385
2024-07-14,0.64674,0.64952
2024-07-15,0.79133,0.49215
2024-07-16,0.70041,0.48881
2024-07-17,0.67371,0.43209
2024-07-18,0.68289,0.42402
2024-07-19,0.73516,0.55054
2024-07-20,0.65564,0.54359
2024-07-21,0.70541,0.58029
2024-07-22,0.84666,0.51773
2024-07-23,0.80162,0.53024
2024-07-24,0.83165,0.53524
2024-07-25,0.78215,0.59113
2024-07-26,0.81552,0.5408
2024-07-27,0.74934,0.61365
2024-07-28,0.82164,0.68344
2024-07-29,0.92869,0.66092
2024-07-30,1.00376,0.77854
2024-07-31,1.06437,0.77214
2024-08-01,1.1325,0.77576
2024-08-02,0.89337,0.73516
2024-08-03,0.77131,0.63784
2024-08-04,0.89337,0.55832
2024-08-05,0.9576,0.54303
2024-08-06,0.98569,0.64062
2024-08-07,1.19339,0.63284
2024-08-08,0.89838,0.627
2024-08-09,0.9273,0.68511
2024-08-10,0.78243,0.6181
2024-08-11,0.82581,0.69846
2024-08-12,0.99069,0.70625
2024-08-13,0.98569,0.70708
2024-08-14,0.97095,0.80857
2024-08-15,0.83359,0.82469
2024-08-16,0.84082,0.78688
2024-08-17,0.75602,0.74712
2024-08-18,0.76464,0.70346
2024-08-19,0.89198,0.73155
2024-08-20,0.82914,0.80023
2024-08-21,0.84193,0.75296
2024-08-22,0.80495,0.89588
2024-08-23,0.88031,0.88225
2024-08-24,0.75991,0.83192
2024-08-25,0.71931,0.93786
2024-08-26,1.00293,1.12332
2024-08-27,0.93953,1.15975
2024-08-28,0.97317,1.39387
2024-08-29,1.40666,2.79941
2024-08-30,0.98485,2.07954
2024-08-31,1.10108,3.09804
2024-09-01,1.18449,3.02297
2024-09-02,1.36745,2.45936
2024-09-03,1.15613,2.76271
2024-09-04,1.03017,2.45129
2024-09-05,0.99014,2.31394
2024-09-06,0.94287,2.22635
2024-09-07,0.75407,2.18158
2024-09-08,0.81441,2.48466
2024-09-09,1.02211,2.66678
2024-09-10,1.02434,2.71739
2024-09-11,0.98735,3.52624
2024-09-12,0.98569,4.15686
2024-09-13,0.97957,3.13002
2024-09-14,0.83888,2.87199
2024-09-15,0.76186,3.10332
2024-09-16,0.77353,3.40584
2024-09-17,0.95315,3.8688
2024-09-18,0.98235,3.8396
2024-09-19,1.33992,5.28325
2024-09-20,1.37913,5.30327
2024-09-21,0.93174,4.3515
2024-09-22,1.12304,7.87246
2024-09-23,2.68986,96.03387
2024-09-24,1.94413,30.59035
2024-09-25,1.50842,15.00531
2024-09-26,1.33158,10.95299
2024-09-27,1.45726,9.27495
2024-09-28,1.21925,7.7807
2024-09-29,1.29599,8.12076
2024-09-30,1.52455,10.01456
2024-10-01,1.3427,8.37823
2024-10-02,1.62215,10.1358
2024-10-03,1.29544,8.64155
2024-10-04,1.32241,9.6214
2024-10-05,1.13556,7.94142
2024-10-06,1.16586,8.086
2024-10-07,1.51343,9.9217
2024-10-08,1.26068,10.37659
2024-10-09,0.92312,9.0817
2024-10-10,1.14473,9.85441
2024-10-11,1.06743,9.8558
2024-10-12,0.90894,8.98466
2024-10-13,0.93592,8.88735
2024-10-14,1.23037,10.5601
2024-10-15,1.09524,10.2751
2024-10-16,1.10052,11.20935
2024-10-17,1.06298,12.51174
2024-10-18,1.03824,13.20214
2024-10-19,0.84499,11.96787
2024-10-20,0.97012,11.85054
2024-10-21,1.20312,14.84126
2024-10-22,1.14084,13.01474
2024-10-23,1.0919,14.43252
2024-10-24,1.05603,14.39888
2024-10-25,0.99709,15.15184
2024-10-26,0.95955,13.8906
2024-10-27,0.93703,13.44377
2024-10-28,1.25011,16.47119
2024-10-29,1.07967,15.56558
2024-10-30,1.12277,15.63454
2024-10-31,1.07744,15.11124
2024-11-01,1.1414,14.95637
2024-11-02,0.89143,14.36718
2024-11-03,0.9893,13.09092
2024-11-04,1.27291,13.96317
2024-11-05,1.23788,11.585
2024-11-06,1.15863,10.09548
2024-11-07,1.06521,9.9445
2024-11-08,1.08356,10.4094
2024-11-09,0.91506,9.49544
2024-11-10,1.02489,8.703
2024-11-11,1.28515,9.35948
2024-11-12,1.22648,8.24477
2024-11-13,1.15001,7.92001
2024-11-14,1.14028,7.38948
2024-11-15,1.09162,7.90805
2024-11-16,0.98179,7.08418
2024-11-17,1.81984,5.2243
2024-11-18,1.74922,3.44143
2024-11-19,1.34104,3.28684
2024-11-20,1.20423,2.72879
2024-11-21,1.24844,2.75576
2024-11-22,1.17671,2.96458
2024-11-23,0.9868,2.81415
2024-11-24,1.01238,2.07815
2024-11-25,1.39387,1.15502
2024-11-26,1.35383,0.77854
2024-11-27,2.18881,0.57528
2024-11-28,1.98,0.49381
2024-11-29,1.928,0.42875
2024-11-30,1.63966,0.461
2024-12-01,1.76228,0.52635
2024-12-02,2.3765,0.44488
2024-12-03,2.32089,0.3762
2024-12-04,1.91632,0.30502
2024-12-05,2.15406,0.31781
2024-12-06,2.08983,0.31364
2024-12-07,1.81623,0.34478
2024-12-08,2.16156,0.33588
2024-12-09,2.69932,0.25358
2024-12-10,2.42933,0.26442
2024-12-11,2.12486,0.26609
2024-12-12,2.09873,0.23717
2024-12-13,2.29586,0.25302
2024-12-14,2.18659,0.27276
2024-12-15,2.41153,0.26275
2024-12-16,2.79441,0.22828
2024-12-17,2.47548,0.21632
2024-12-18,2.3284,0.19018
2024-12-19,2.25277,0.20631
2024-12-20,2.27918,0.18907
2024-12-21,2.37622,0.21687
2024-12-22,2.45046,0.25024
2024-12-23,2.79775,0.2191
2024-12-24,2.51969,0.21437
2024-12-25,2.36955,0.24829
2024-12-26,2.49328,0.21159
2024-12-27,2.20049,0.19574
2024-12-28,2.3334,0.23189
2024-12-29,2.2561,0.21437
2024-12-30,2.51969,0.22716
2024-12-31,2.15461,0.20158
2025-01-01,14.19056,1.78039
2025-01-02,16.47368,1.36479
2025-01-03,14.58983,1.36842
2025-01-04,14.51905,1.61524
2025-01-05,15.36842,1.26678
2025-01-06,16.00725,1.19963
2025-01-07,15.30127,1.21597
2025-01-08,16.79673,1.21052
2025-01-09,14.43012,1.17059
2025-01-10,14.06715,1.27949
2025-01-11,14.33756,1.35571
2025-01-12,15.59165,1.68965
2025-01-13,15.97459,1.23774
2025-01-14,14.92377,1.30127
2025-01-15,12.98366,1.27404
2025-01-16,13.48275,1.33212
2025-01-17,13.16152,1.43375
2025-01-18,13.10344,1.68421
2025-01-19,13.36479,1.77676
2025-01-20,14.62794,1.5245
2025-01-21,12.57713,1.45372
2025-01-22,11.7931,1.47549
2025-01-23,11.50453,1.44101
2025-01-24,12.1833,1.60072
2025-01-25,12.90199,1.75317
2025-01-26,14.45009,1.89655
2025-01-27,14.92014,1.53357
2025-01-28,13.84392,1.52087
2025-01-29,16.04537,2.14156
2025-01-30,14.55172,1.84754
2025-01-31,14.08892,1.55535
2025-02-01,12.80762,1.98366
2025-02-02,11.27586,1.84936
2025-02-03,11.94555,1.43194
2025-02-04,10.55898,1.43375
2025-02-05,9.41016,1.50453
2025-02-06,9.70235,1.47005
2025-02-07,10.17422,1.35571
2025-02-08,9.55172,1.75136
2025-02-09,9.6098,1.95644
2025-02-10,10.86388,2.27041
2025-02-11,9.62068,2.25045
2025-02-12,9.36842,2.08166
2025-02-13,9.04174,2.51905
2025-02-14,8.98729,2.78584
2025-02-15,8.51724,2.73502
2025-02-16,8.06715,2.81306
2025-02-17,8.88929,3.11252
2025-02-18,8.23049,2.95825
2025-02-19,7.53539,3.07078
2025-02-20,7.33756,3.04537
2025-02-21,7.39927,3.08166
2025-02-22,6.68421,3.19782
2025-02-23,6.81488,3.33938
2025-02-24,6.92014,4.12885
2025-02-25,6.18511,4.05081
2025-02-26,5.90018,4.45916
2025-02-27,5.71324,5.93284
2025-02-28,5.48638,5.35571
2025-03-01,5.06533,5.80943
2025-03-02,4.33938,7.39382
2025-03-03,3.38656,8.10163
2025-03-04,3.1107,10.74773
2025-03-05,3.08711,10.92014
2025-03-06,3.03992,11.82214
2025-03-07,2.78402,9.13974
2025-03-08,2.19237,8.02177
2025-03-09,2.66424,9.73865
2025-03-10,3.56624,13.30671
2025-03-11,3.52087,18.19419
2025-03-12,5.27404,100.0
2025-03-13,4.27223,34.89473
2025-03-14,3.90018,23.84029
2025-03-15,3.45009,15.40108
2025-03-16,3.05989,13.93829
2025-03-17,3.91107,18.37386
2025-03-18,3.76406,17.10344
2025-03-19,3.75499,19.70235
2025-03-20,3.84754,17.74228
2025-03-21,3.93647,18.22504
2025-03-22,3.36479,15.3049
2025-03-23,3.19782,17.60254
2025-03-24,4.12522,21.11252
2025-03-25,3.86025,20.64428
2025-03-26,3.55898,22.60072
2025-03-27,3.56805,21.31034
2025-03-28,3.68784,27.56442
2025-03-29,3.27586,22.92377
2025-03-30,3.21234,24.54264
2025-03-31,3.96188,29.96551
2025-04-01,4.93103,31.84029
2025-04-02,4.09981,29.85117
2025-04-03,6.09437,39.87477
2025-04-04,4.26315,33.76769
2025-04-05,3.71324,26.55535
2025-04-06,4.03085,36.61705
2025-04-07,5.049,45.98366
2025-04-08,4.87114,38.31397
2025-04-09,4.78584,33.12885
2025-04-10,4.76406,32.44464
2025-04-11,4.35208,28.49909
2025-04-12,3.84392,19.9637
2025-04-13,3.50635,18.34845
2025-04-14,4.73684,19.93647
2025-04-15,4.48457,20.83666
2025-04-16,4.17059,20.00907
2025-04-17,4.45916,20.91833
2025-04-18,4.26134,19.68421
2025-04-19,3.59346,16.29582
2025-04-20,3.60435,19.11433
2025-04-21,4.70054,15.67876
2025-04-22,4.66243,14.36842
2025-04-23,4.25408,17.29219
2025-04-24,4.41197,17.95099
2025-04-25,4.53901,18.54264
2025-04-26,3.89292,19.96188
2025-04-27,3.99274,19.28493
2025-04-28,4.72776,18.03085
2025-04-29,4.5499,17.07985
2025-04-30,4.75862,16.88021
2025-05-01,3.93647,14.58076
2025-05-02,4.34119,17.58983
2025-05-03,4.09618,17.89473
2025-05-04,4.28493,22.58983
2025-05-05,3.69328,16.29219
2025-05-06,3.35571,12.06896
2025-05-07,4.26134,10.59165
2025-05-08,3.94918,9.22867
2025-05-09,3.77676,7.98185
2025-05-10,3.25589,8.48275
2025-05-11,2.96914,9.15245
2025-05-12,4.22141,9.15426
2025-05-13,4.00907,9.05081
2025-05-14,4.72595,10.17241
2025-05-15,4.13248,8.64609
2025-05-16,4.01633,8.26315
2025-05-17,3.54446,10.17059
2025-05-18,3.16696,9.04174
2025-05-19,4.49546,9.85299
2025-05-20,4.41742,13.26497
2025-05-21,3.93647,8.12704
2025-05-22,3.81669,7.90381
2025-05-23,3.89836,8.44283
2025-05-24,3.32123,8.74591
2025-05-25,3.245,9.17785
2025-05-26,4.26497,8.31941
2025-05-27,3.84573,8.73139
2025-05-28,3.71869,7.34301
2025-05-29,3.87477,7.34664
2025-05-30,3.49546,8.21234
2025-05-31,3.31578,8.71869
2025-06-01,3.38838,9.49727
2025-06-02,4.72595,9.47912
2025-06-03,3.23049,9.58257
2025-06-04,4.22867,9.23411
2025-06-05,4.26497,11.43194
2025-06-06,3.87477,13.66243
2025-06-07,3.44464,11.03992
2025-06-08,3.05444,6.81851
2025-06-09,4.12704,6.41923
2025-06-10,3.87295,7.10526
