date,local,outside,foreign
2023-01-01,184019.5,151385.5,922.9599999999998
2023-01-02,204036.0,79523.5,821.5300000000001
2023-01-03,206087.0,81280.5,834.0600000000001
2023-01-04,205495.5,83730.5,773.9599999999999
2023-01-05,205345.0,89337.5,848.93
2023-01-06,207172.0,98798.0,778.2100000000002
2023-01-07,189500.5,124978.0,808.69
2023-01-08,182619.5,120375.5,688.5699999999998
2023-01-09,204221.5,87234.0,708.42
2023-01-10,204963.5,93296.0,743.01
2023-01-11,206234.0,95567.5,701.9599999999999
2023-01-12,204613.5,99134.0,755.1199999999998
2023-01-13,202135.5,94825.5,637.7100000000002
2023-01-14,189112.0,124355.0,701.27
2023-01-15,177779.0,109235.0,560.2199999999999
2023-01-16,203017.5,90055.0,596.8000000000001
2023-01-17,203682.5,94507.0,564.4900000000001
2023-01-18,206951.5,98164.5,624.8
2023-01-19,209944.0,103229.0,677.8000000000001
2023-01-20,211921.5,117152.0,726.0399999999998
2023-01-21,173138.0,181930.0,735.69
2023-01-22,155991.5,269934.0,845.8800000000001
2023-01-23,163359.0,204127.0,800.1599999999999
2023-01-24,166355.0,106281.0,843.5699999999999
2023-01-25,194071.5,84686.0,593.33
2023-01-26,192300.5,81546.5,1234.1999999999998
2023-01-27,204340.5,106655.5,623.65
2023-01-28,193963.0,136076.5,640.4199999999998
2023-01-29,183967.0,127459.5,620.17
2023-01-30,205985.5,100103.5,655.5299999999999
2023-01-31,207210.5,102714.5,709.5199999999999
2023-02-01,215841.5,89204.5,779.17
2023-02-02,216083.0,91619.5,733.35
2023-02-03,221074.0,104667.5,757.91
2023-02-04,205226.0,145449.5,728.34
2023-02-05,194719.0,130847.5,709.8
2023-02-06,215432.0,94440.5,782.9000000000002
2023-02-07,215456.5,95833.5,658.8800000000003
2023-02-08,216524.0,98633.5,701.9900000000002
2023-02-09,217532.0,101990.0,809.4700000000001
2023-02-10,218169.0,109525.5,731.3000000000002
2023-02-11,205558.5,155522.5,768.61
2023-02-12,193112.5,139163.5,793.26
2023-02-13,215565.0,99253.0,856.3100000000002
2023-02-14,217206.5,102049.5,765.8800000000002
2023-02-15,221427.5,108811.5,889.9400000000002
2023-02-16,204134.0,94174.5,718.9700000000001
2023-02-17,221602.5,119805.0,724.6100000000004
2023-02-18,206461.5,155932.0,834.08
2023-02-19,198492.0,145351.5,745.93
2023-02-20,218127.0,107961.0,767.2800000000002
2023-02-21,221942.0,112899.5,751.6200000000001
2023-02-22,223573.0,115052.0,691.0000000000001
2023-02-23,222050.5,119357.0,745.3999999999999
2023-02-24,226569.0,132072.5,870.2800000000001
2023-02-25,210819.0,165392.5,877.4300000000002
2023-02-26,198919.0,156443.0,770.1600000000001
2023-02-27,219996.0,119406.0,830.4800000000002
2023-02-28,224924.0,131085.5,829.53
2023-03-01,200133.5,126301.0,555.0
2023-03-02,218645.0,88641.0,570.3400000000001
2023-03-03,223534.5,102336.5,569.5400000000002
2023-03-04,204711.5,136818.5,563.9799999999999
2023-03-05,198380.0,133500.5,587.5500000000001
2023-03-06,219152.5,94720.5,551.1
2023-03-07,218925.0,98836.5,558.1400000000001
2023-03-08,219586.5,98969.5,551.58
2023-03-09,218368.5,98843.5,567.2300000000001
2023-03-10,223300.0,112906.5,631.8400000000001
2023-03-11,206727.5,152432.0,610.8199999999999
2023-03-12,186564.0,118741.0,608.97
2023-03-13,214998.0,95522.0,603.16
2023-03-14,217665.0,103698.0,664.4099999999999
2023-03-15,216139.0,102123.0,674.9599999999999
2023-03-16,215796.0,105059.5,693.0000000000001
2023-03-17,220843.0,115318.0,660.2399999999998
2023-03-18,206339.0,157132.5,663.0399999999998
2023-03-19,196476.0,153622.0,549.34
2023-03-20,215537.0,103425.0,616.5299999999996
2023-03-21,216828.5,109742.5,663.1899999999999
2023-03-22,217448.0,111279.0,621.12
2023-03-23,217287.0,109833.5,676.16
2023-03-24,221662.0,122493.0,631.0100000000001
2023-03-25,205201.5,163380.0,710.95
2023-03-26,198282.0,171507.0,657.1399999999999
2023-03-27,216272.0,109161.5,639.4499999999999
2023-03-28,214949.0,112763.0,664.7799999999999
2023-03-29,215460.0,115692.5,649.3799999999999
2023-03-30,216002.5,118835.5,656.65
2023-03-31,220461.5,133714.0,671.09
2023-04-01,208764.5,164220.0,1425.7399999999996
2023-04-02,202545.0,175339.5,1430.8300000000002
2023-04-03,217833.0,94762.5,1311.0700000000002
2023-04-04,215946.5,98409.5,1408.51
2023-04-05,207977.0,74245.5,1231.1299999999997
2023-04-06,212107.0,89127.5,1428.04
2023-04-07,222519.5,114506.0,1532.84
2023-04-08,208484.5,165448.5,1466.76
2023-04-09,200420.5,164136.0,1503.3000000000002
2023-04-10,217465.5,93551.5,1336.2599999999998
2023-04-11,209412.0,87577.0,1253.43
2023-04-12,215250.0,98724.5,1364.25
2023-04-13,217234.5,101353.0,1369.7600000000004
2023-04-14,221784.5,116564.0,1420.0799999999997
2023-04-15,202380.5,146667.5,1355.9500000000003
2023-04-16,198639.0,159967.5,1385.7600000000002
2023-04-17,216972.0,98388.5,1274.96
2023-04-18,214655.0,94395.0,1388.1199999999997
2023-04-19,219082.5,109949.0,1454.03
2023-04-20,216471.5,106361.5,1488.0500000000002
2023-04-21,222666.5,126336.0,1484.6300000000003
2023-04-22,206787.0,175098.0,1523.81
2023-04-23,198390.5,174321.0,1486.83
2023-04-24,216993.0,103264.0,1426.14
2023-04-25,212110.5,99295.0,1418.4599999999998
2023-04-26,215442.5,104622.0,1748.2100000000003
2023-04-27,217465.5,113337.0,1528.8199999999995
2023-04-28,222197.5,131082.0,1517.53
2023-04-29,194778.5,154686.0,1637.2999999999997
2023-04-30,195538.0,199069.5,1619.9400000000003
2023-05-01,217511.0,146342.0,1660.8700000000001
2023-05-02,224829.5,102231.5,1525.6299999999999
2023-05-03,225659.0,106872.5,1400.99
2023-05-04,226593.5,127739.5,1586.2399999999998
2023-05-05,191107.0,142702.0,1525.46
2023-05-06,189112.0,155347.5,1422.5400000000004
2023-05-07,201183.5,197722.0,1472.9099999999996
2023-05-08,226908.5,115272.5,1364.41
2023-05-09,224560.0,113585.5,1300.55
2023-05-10,225295.0,114044.0,1236.8699999999997
2023-05-11,225053.5,117698.0,1303.6499999999999
2023-05-12,228861.5,126462.0,1272.4000000000003
2023-05-13,210248.5,176519.0,1435.5400000000004
2023-05-14,202636.0,172063.5,1407.11
2023-05-15,224892.5,110236.0,1308.1400000000003
2023-05-16,223149.5,116462.5,1487.89
2023-05-17,225466.5,115692.5,1453.71
2023-05-18,222498.5,115059.0,1448.3100000000004
2023-05-19,228340.0,131355.0,1454.89
2023-05-20,209587.0,178475.5,1536.22
2023-05-21,201288.5,165235.0,1459.5200000000004
2023-05-22,222299.0,108899.0,1396.3300000000002
2023-05-23,224899.5,116571.0,1353.0300000000002
2023-05-24,225484.0,116637.5,1263.1100000000001
2023-05-25,226096.5,125167.0,1234.2599999999995
2023-05-26,229813.5,136419.5,1323.9000000000003
2023-05-27,194376.0,187148.5,1332.3999999999999
2023-05-28,181793.5,148729.0,1295.55
2023-05-29,206003.0,155200.5,1204.53
2023-05-30,222887.0,116490.5,1268.7600000000002
2023-05-31,226964.5,120186.5,1171.4000000000003
2023-06-01,216874.0,103610.5,1287.1399999999996
2023-06-02,220314.5,118583.5,1354.1899999999998
2023-06-03,204274.0,168969.5,1469.5000000000007
2023-06-04,194057.5,167300.0,1281.0000000000005
2023-06-05,211953.0,131096.0,1418.62
2023-06-06,199633.0,164503.5,1291.5100000000004
2023-06-07,216139.0,105350.0,1371.86
2023-06-08,215614.0,108724.0,1366.1499999999999
2023-06-09,220703.0,120652.0,1408.22
2023-06-10,203213.5,160755.0,1424.5599999999997
2023-06-11,193235.0,157734.5,1361.9700000000003
2023-06-12,215092.5,108860.5,1367.3899999999996
2023-06-13,216051.5,113879.5,1538.4300000000003
2023-06-14,216135.5,113235.5,1421.8499999999997
2023-06-15,216153.0,118072.5,1391.2499999999998
2023-06-16,221158.0,135023.0,1380.5300000000002
2023-06-17,205289.0,190960.0,1620.5300000000002
2023-06-18,197799.0,196507.5,1677.2999999999997
2023-06-19,212229.5,113550.5,1431.2800000000002
2023-06-20,214056.5,116921.0,1463.21
2023-06-21,212005.5,108902.5,1463.6799999999996
2023-06-22,214942.0,126434.0,1529.74
2023-06-23,219359.0,142285.5,1645.3300000000002
2023-06-24,200308.5,187054.0,1564.8800000000003
2023-06-25,193585.0,189441.0,1634.5900000000001
2023-06-26,208323.5,103722.5,1380.7500000000002
2023-06-27,214585.0,118657.0,1463.9300000000003
2023-06-28,214833.5,123452.0,1573.3600000000006
2023-06-29,206332.0,107667.0,1523.8300000000002
2023-06-30,217808.5,131750.5,1635.0300000000007
2023-07-01,197162.0,160538.0,1577.2199999999996
2023-07-02,189871.5,154588.0,1521.04
2023-07-03,207840.5,97923.0,1636.8499999999997
2023-07-04,205338.0,94853.5,1466.2800000000002
2023-07-05,211998.5,102424.0,1579.4000000000003
2023-07-06,211109.5,109319.0,1567.41
2023-07-07,215610.5,124817.0,1674.7800000000002
2023-07-08,199108.0,174559.0,1815.3899999999994
2023-07-09,186007.5,155498.0,1882.5699999999995
2023-07-10,212387.0,100516.5,1713.4800000000002
2023-07-11,204151.5,97128.5,1650.1499999999994
2023-07-12,212537.5,108010.0,1689.6400000000003
2023-07-13,202636.0,93814.0,1546.26
2023-07-14,206787.0,103530.0,1679.51
2023-07-15,196840.0,141666.0,1768.8999999999999
2023-07-16,190715.0,133717.5,1735.4999999999995
2023-07-17,209219.5,101752.0,1740.3700000000001
2023-07-18,207980.5,102949.0,1823.32
2023-07-19,211638.0,118737.5,1858.1200000000001
2023-07-20,209762.0,120375.5,1894.5000000000002
2023-07-21,211879.5,134879.5,1886.0399999999997
2023-07-22,196003.5,163422.0,1797.6699999999998
2023-07-23,177142.0,129822.0,1740.2900000000002
2023-07-24,204354.5,111163.5,1704.1200000000001
2023-07-25,205408.0,118468.0,1655.82
2023-07-26,203157.5,122419.5,1810.4
2023-07-27,202772.5,127361.5,1827.38
2023-07-28,203133.0,141648.5,1877.0099999999998
2023-07-29,188328.0,183368.5,1907.1199999999997
2023-07-30,179938.5,181482.0,1842.52
2023-07-31,195244.0,134543.5,1723.8600000000004
2023-08-01,197274.0,111576.5,1890.6
2023-08-02,197715.0,113813.0,2000.6199999999997
2023-08-03,196980.0,115339.0,1832.49
2023-08-04,198779.0,121523.5,1976.0299999999997
2023-08-05,186973.5,157993.5,1991.0999999999997
2023-08-06,182210.0,150370.5,1917.2999999999997
2023-08-07,201481.0,101776.5,1705.9599999999998
2023-08-08,202618.5,110484.5,1920.46
2023-08-09,205747.5,110764.5,1800.0599999999995
2023-08-10,189486.5,76639.5,1674.6799999999996
2023-08-11,203927.5,107331.0,1799.1999999999996
2023-08-12,191397.5,157920.0,2053.2099999999996
2023-08-13,181772.5,163184.0,1915.0000000000002
2023-08-14,203469.0,136965.5,1636.8699999999997
2023-08-15,190715.0,167461.0,1656.6299999999997
2023-08-16,208677.0,109599.0,1714.8500000000001
2023-08-17,208694.5,115356.5,1586.9999999999998
2023-08-18,212817.5,124358.5,1616.11
2023-08-19,194201.0,159645.5,1605.0399999999997
2023-08-20,187264.0,161910.0,1661.0299999999997
2023-08-21,209643.0,108811.5,1563.07
2023-08-22,208071.5,110201.0,1560.6399999999996
2023-08-23,207574.5,101377.5,1522.8399999999995
2023-08-24,209065.5,106666.0,1601.52
2023-08-25,213363.5,128222.5,1625.7400000000002
2023-08-26,194267.5,168164.5,1577.5699999999995
2023-08-27,183848.0,169750.0,1512.6999999999994
2023-08-28,206286.5,104510.0,1438.5699999999997
2023-08-29,203451.5,103194.0,1498.2799999999997
2023-08-30,206832.5,112066.5,1395.82
2023-08-31,211620.5,119735.0,1638.8500000000001
2023-09-01,217283.5,113701.0,1510.4799999999998
2023-09-02,197897.0,154952.0,1661.7500000000002
2023-09-03,189735.0,146128.5,1487.81
2023-09-04,209230.0,95882.5,1408.54
2023-09-05,217182.0,107520.0,1577.8899999999996
2023-09-06,214119.5,108013.5,1534.2400000000002
2023-09-07,214315.5,111079.5,1500.9799999999998
2023-09-08,218470.0,123466.0,1556.7400000000002
2023-09-09,200469.5,165403.0,1586.0599999999997
2023-09-10,192605.0,164839.5,1547.09
2023-09-11,212996.0,106431.5,1465.8899999999999
2023-09-12,213346.0,112941.5,1474.5599999999997
2023-09-13,210133.0,113365.0,1454.02
2023-09-14,214420.5,117180.0,1485.58
2023-09-15,214861.5,119094.5,1467.7499999999995
2023-09-16,198072.0,159985.0,1560.1
2023-09-17,195303.5,156926.0,1501.3299999999997
2023-09-18,214266.5,116116.0,1464.9499999999998
2023-09-19,213412.5,121240.0,1424.27
2023-09-20,209706.0,111023.5,1465.1899999999994
2023-09-21,216279.0,125475.0,1495.49
2023-09-22,219677.5,138250.0,1587.3900000000003
2023-09-23,206129.0,178685.5,1489.85
2023-09-24,197291.5,167468.0,1465.9799999999998
2023-09-25,217287.0,123896.5,1420.04
2023-09-26,214091.5,117229.0,1447.8600000000001
2023-09-27,223741.0,135621.5,1530.04
2023-09-28,181384.0,247334.5,1841.8500000000001
2023-09-29,157678.5,320386.5,2151.1999999999994
2023-09-30,162218.0,234307.5,1842.1300000000003
2023-10-01,180810.0,194470.5,1840.3899999999996
2023-10-02,191341.5,179686.5,1670.22
2023-10-03,195069.0,126560.0,1630.91
2023-10-04,216205.5,91399.0,1572.8700000000003
2023-10-05,217826.0,101517.5,1544.31
2023-10-06,220937.5,113484.0,1756.2800000000002
2023-10-07,201614.0,155351.0,1626.5699999999993
2023-10-08,189441.0,158364.5,1661.46
2023-10-09,196325.5,151595.5,1494.7599999999995
2023-10-10,217658.0,105598.5,1564.23
2023-10-11,218631.0,111391.0,1572.87
2023-10-12,216923.0,114789.5,1532.7099999999998
2023-10-13,231388.5,141494.5,1699.07
2023-10-14,207536.0,161010.5,1452.5899999999997
2023-10-15,204113.0,173470.5,1547.9199999999994
2023-10-16,224122.5,119283.5,1607.04
2023-10-17,224710.5,136311.0,2035.9899999999998
2023-10-18,226264.5,135394.0,1820.5399999999997
2023-10-19,220426.5,123823.0,1854.0400000000002
2023-10-20,229859.0,152505.5,2008.6599999999994
2023-10-21,210399.0,197564.5,1550.5000000000002
2023-10-22,202282.5,196486.5,1789.7000000000005
2023-10-23,225057.0,134179.5,1723.3799999999999
2023-10-24,223237.0,137798.5,1808.1200000000001
2023-10-25,225862.0,142600.5,1747.6999999999998
2023-10-26,224105.0,141449.0,1712.7700000000002
2023-10-27,223625.5,156026.5,2076.8999999999996
2023-10-28,210161.0,213804.5,1856.4200000000005
2023-10-29,203024.5,217084.0,1794.7200000000003
2023-10-30,224696.5,143822.0,1846.6100000000001
2023-10-31,225099.0,143577.0,1918.1199999999997
2023-11-01,221802.0,104653.5,1698.5
2023-11-02,224154.0,117124.0,1818.8400000000004
2023-11-03,225536.5,124684.0,1732.2299999999996
2023-11-04,208064.5,178076.5,1664.33
2023-11-05,194334.0,139118.0,1331.2100000000003
2023-11-06,220045.0,92193.5,1590.83
2023-11-07,221025.0,106820.0,1736.88
2023-11-08,223604.5,110057.5,1685.7900000000002
2023-11-09,221466.0,112217.0,1556.1800000000003
2023-11-10,225099.0,126476.0,1701.3600000000004
2023-11-11,204963.5,171745.0,1565.86
2023-11-12,196686.0,168364.0,1561.2499999999998
2023-11-13,221053.0,102872.0,1381.6599999999996
2023-11-14,221970.0,104811.0,1292.7900000000002
2023-11-15,225071.0,108650.5,1329.1599999999996
2023-11-16,209216.0,93698.5,1204.4799999999998
2023-11-17,223755.0,117421.5,1364.1599999999996
2023-11-18,204242.5,157867.5,1203.3100000000002
2023-11-19,197837.5,157426.5,1187.1
2023-11-20,221574.5,99718.5,1177.7500000000002
2023-11-21,220475.5,104198.5,1210.3899999999999
2023-11-22,220115.0,104513.5,1160.49
2023-11-23,216594.0,102917.5,1126.76
2023-11-24,219191.0,114464.0,1167.6299999999999
2023-11-25,200956.0,144851.0,1187.51
2023-11-26,191607.5,133413.0,1173.0199999999998
2023-11-27,213521.0,91826.0,1057.8799999999999
2023-11-28,214777.5,99337.0,1132.4099999999999
2023-11-29,215579.0,96768.0,1132.17
2023-11-30,216688.5,98374.5,1210.3200000000002
2023-12-01,224280.0,91875.0,1183.0800000000002
2023-12-02,206024.0,127316.0,1120.4
2023-12-03,198243.5,117019.0,1207.1200000000001
2023-12-04,219310.0,80006.5,1195.9399999999998
2023-12-05,220031.0,85305.5,1226.2400000000002
2023-12-06,216909.0,81375.0,1249.8200000000004
2023-12-07,220689.0,86947.0,1223.3800000000003
2023-12-08,226422.0,102879.0,1310.3799999999999
2023-12-09,208740.0,140857.5,1248.0
2023-12-10,198982.0,130137.0,1235.3500000000001
2023-12-11,214928.0,78956.5,1235.45
2023-12-12,219229.5,88956.0,1257.98
2023-12-13,219530.5,92624.0,1289.16
2023-12-14,213444.0,86842.0,1182.23
2023-12-15,217119.0,92652.0,1219.3899999999996
2023-12-16,200105.5,125139.0,1258.5800000000002
2023-12-17,191068.5,112399.0,1365.9900000000005
2023-12-18,215218.5,88735.5,1249.6499999999999
2023-12-19,215967.5,91833.0,1490.1399999999999
2023-12-20,215652.5,87713.5,1411.7400000000002
2023-12-21,213832.5,92053.5,1319.0000000000002
2023-12-22,219968.0,109119.5,1444.0399999999997
2023-12-23,204015.0,143370.5,1484.7699999999998
2023-12-24,191058.0,144056.5,1321.8799999999997
2023-12-25,191922.5,118692.0,1457.4899999999996
2023-12-26,217028.0,104433.0,1483.16
2023-12-27,217640.5,108654.0,1441.1500000000005
2023-12-28,217973.0,113648.5,1531.5500000000006
2023-12-29,224000.0,126560.0,1550.92
2023-12-30,191649.5,134907.5,1654.4499999999998
2023-12-31,189353.5,142684.5,1358.4400000000007
2024-01-01,184723.0,144025.0,1481.3799999999992
2024-01-02,209622.0,85256.5,1399.1599999999994
2024-01-03,209398.0,87969.0,1310.8099999999995
2024-01-04,213419.5,94930.5,1369.2199999999998
2024-01-05,215750.5,107310.0,1267.1799999999998
2024-01-06,199223.5,140063.0,1322.9199999999998
2024-01-07,187428.5,115104.5,1132.95
2024-01-08,209076.0,93317.0,1252.3699999999997
2024-01-09,198128.0,80671.5,1242.6199999999997
2024-01-10,210416.5,94069.5,1213.2799999999993
2024-01-11,209139.0,101076.5,1216.78
2024-01-12,213832.5,115227.0,1268.8799999999997
2024-01-13,201642.0,152999.0,1263.6499999999996
2024-01-14,182633.5,120914.5,1168.75
2024-01-15,208827.5,97671.0,1279.8200000000002
2024-01-16,211613.5,103859.0,1205.7999999999995
2024-01-17,205999.5,96799.5,1200.0100000000002
2024-01-18,210791.0,104842.5,1277.8400000000001
2024-01-19,215183.5,120984.5,1289.74
2024-01-20,196742.0,149338.0,1339.9099999999999
2024-01-21,189427.0,133290.5,1304.3499999999997
2024-01-22,205485.0,98889.0,1306.0599999999995
2024-01-23,205691.5,97471.5,1232.4800000000002
2024-01-24,207900.0,100233.0,1202.6799999999996
2024-01-25,213195.5,107649.5,1265.5599999999997
2024-01-26,218148.0,123693.5,1154.1300000000003
2024-01-27,204298.5,160818.0,1352.3200000000002
2024-01-28,195247.5,142912.0,1327.1699999999996
2024-01-29,214854.5,109732.0,1379.26
2024-01-30,214518.5,112987.0,1522.58
2024-01-31,216685.0,111895.0,1360.4499999999998
2024-02-01,208285.0,90100.5,1563.2299999999996
2024-02-02,212821.0,106225.0,1544.9900000000002
2024-02-03,199524.5,140616.0,1411.8899999999999
2024-02-04,196805.0,136678.5,1512.3799999999999
2024-02-05,205443.0,83489.0,1551.2499999999995
2024-02-06,211442.0,94363.5,1648.0499999999995
2024-02-07,211211.0,96313.0,1565.7399999999996
2024-02-08,221921.0,121849.0,1765.4
2024-02-09,180435.5,184891.0,1941.0900000000006
2024-02-10,164066.0,278117.0,2033.56
2024-02-11,176557.5,192202.5,2009.2499999999998
2024-02-12,189528.5,137490.5,1922.1299999999999
2024-02-13,212814.0,100520.0,1796.6699999999996
2024-02-14,218267.0,107607.5,1657.6399999999999
2024-02-15,209363.0,96026.0,1556.3899999999999
2024-02-16,218974.0,119885.5,1531.53
2024-02-17,208393.5,159096.0,1493.6899999999998
2024-02-18,194369.0,132842.5,1461.7400000000002
2024-02-19,210644.0,95539.5,1451.58
2024-02-20,213794.0,105924.0,1444.4200000000003
2024-02-21,210584.5,96670.0,1409.4199999999998
2024-02-22,215278.0,106081.5,1474.4699999999998
2024-02-23,222474.0,124992.0,1478.7599999999998
2024-02-24,207294.5,155379.0,1460.44
2024-02-25,196962.5,138705.0,1318.6799999999996
2024-02-26,215393.5,113354.5,1432.56
2024-02-27,215568.5,117656.0,1445.4799999999998
2024-02-28,216741.0,122839.5,1469.61
2024-02-29,220731.0,137557.0,1499.8600000000001
2024-03-01,193830.0,156698.5,1435.0500000000002
2024-03-02,196535.5,134554.0,1423.5700000000002
2024-03-03,196658.0,121408.0,1347.0599999999995
2024-03-04,221679.5,95039.0,1474.1699999999996
2024-03-05,219625.0,98168.0,1246.9999999999998
2024-03-06,221448.5,99988.0,1279.46
2024-03-07,218207.5,101013.5,1331.35
2024-03-08,224133.0,111513.5,1404.54
2024-03-09,208414.5,144368.0,1325.53
2024-03-10,198978.5,139391.0,1295.85
2024-03-11,218963.5,102126.5,1328.6599999999996
2024-03-12,217451.5,101748.5,1327.7199999999998
2024-03-13,222155.5,111394.5,1330.7800000000002
2024-03-14,220615.5,113935.5,1399.82
2024-03-15,226555.0,126192.5,1506.0200000000002
2024-03-16,209027.0,168322.0,1441.5099999999998
2024-03-17,196903.0,147658.0,1403.2
2024-03-18,220948.0,113137.5,1446.21
2024-03-19,217353.5,110390.0,1359.52
2024-03-20,219779.0,113946.0,1444.2700000000004
2024-03-21,219989.0,119581.0,1461.88
2024-03-22,224098.0,127928.5,1447.6600000000003
2024-03-23,209184.5,170411.5,1400.77
2024-03-24,202020.0,163866.5,1443.8
2024-03-25,217059.5,109578.0,1343.2000000000005
2024-03-26,218466.5,110995.5,1379.4899999999998
2024-03-27,221126.5,123315.5,1293.32
2024-03-28,213920.0,112889.0,1329.2000000000003
2024-03-29,217318.5,127662.5,1505.6399999999999
2024-03-30,205054.5,174198.5,1430.82
2024-03-31,199367.0,176379.0,1326.2499999999998
2024-04-01,218603.0,88928.0,1319.9300000000003
2024-04-02,218351.0,99155.0,1390.0600000000004
2024-04-03,214186.0,88049.5,1369.9899999999996
2024-04-04,217052.5,104191.5,1486.77
2024-04-05,222799.5,122692.5,1548.9900000000002
2024-04-06,207179.0,177376.5,1660.7599999999998
2024-04-07,199969.0,168497.0,1506.6100000000001
2024-04-08,215852.0,100604.0,1379.2800000000002
2024-04-09,224514.5,120956.5,1513.6600000000003
2024-04-10,214133.5,154931.0,1523.2000000000003
2024-04-11,219047.5,110425.0,1520.2699999999998
2024-04-12,224164.5,128695.0,1684.9700000000003
2024-04-13,209639.5,181440.0,1650.82
2024-04-14,201628.0,163712.5,1514.5900000000001
2024-04-15,212051.0,88602.5,1318.0399999999997
2024-04-16,217850.5,107789.5,1410.89
2024-04-17,220122.0,114033.5,1468.15
2024-04-18,218942.5,114663.5,1443.5
2024-04-19,222967.5,128803.5,1410.7200000000003
2024-04-20,198033.5,151287.5,1378.41
2024-04-21,196980.0,153335.0,1523.4000000000003
2024-04-22,215428.5,103124.0,1505.0000000000002
2024-04-23,216856.5,115377.5,1459.6400000000003
2024-04-24,213433.5,100653.0,1479.18
2024-04-25,216268.5,117176.5,1537.4600000000003
2024-04-26,220587.5,130326.0,1610.45
2024-04-27,206157.0,183480.5,1362.78
2024-04-28,198397.5,175938.0,1425.4699999999996
2024-04-29,214021.5,107800.0,1434.1
2024-04-30,217420.0,121992.5,1368.3899999999999
2024-05-01,225778.0,137266.5,1465.9099999999999
2024-05-02,227409.0,105311.5,1462.3100000000002
2024-05-03,230482.0,124897.5,1552.3799999999999
2024-05-04,208425.0,224336.0,1578.8600000000004
2024-05-05,186529.0,162354.5,1411.09
2024-05-06,196175.0,149719.5,1332.16
2024-05-07,224031.5,94923.5,1168.0099999999998
2024-05-08,233257.5,119021.0,1286.6200000000001
2024-05-09,227094.0,111853.0,1213.93
2024-05-10,231465.5,123973.5,1504.6000000000001
2024-05-11,209807.5,159547.5,1455.6600000000005
2024-05-12,206367.0,165746.0,1329.9100000000003
2024-05-13,226170.0,105430.5,1326.3399999999997
2024-05-14,229561.5,119654.5,1355.9299999999998
2024-05-15,202940.5,142800.0,1249.3300000000002
2024-05-16,226068.5,111034.0,1285.34
2024-05-17,230002.5,124705.0,1326.6399999999999
2024-05-18,213083.5,174489.0,1407.7499999999998
2024-05-19,203885.5,162900.5,1352.95
2024-05-20,224861.0,106949.5,1203.7600000000002
2024-05-21,225092.0,113645.0,1226.14
2024-05-22,224934.5,112360.5,1302.3900000000003
2024-05-23,225351.0,116084.5,1437.1000000000001
2024-05-24,229743.5,129895.5,1266.87
2024-05-25,210843.5,175458.5,1452.05
2024-05-26,197225.0,159474.0,1361.21
2024-05-27,225837.5,109504.5,1317.7799999999997
2024-05-28,225680.0,118730.5,1350.7299999999998
2024-05-29,228312.0,118293.0,1279.8400000000004
2024-05-30,224773.5,117169.5,1493.8000000000002
2024-05-31,229960.5,131761.0,1343.1100000000004
2024-06-01,207445.0,154710.5,1362.84
2024-06-02,200270.0,146559.0,1131.5499999999997
2024-06-03,221273.5,93219.0,1195.4699999999998
2024-06-04,219534.0,99715.0,1217.44
2024-06-05,222057.5,109823.0,1219.78
2024-06-06,200021.5,170016.0,1403.3899999999999
2024-06-07,214889.5,125240.5,1259.8100000000002
2024-06-08,196679.0,142247.0,1229.9800000000005
2024-06-09,197368.5,155197.0,1298.5199999999998
2024-06-10,220734.5,99200.5,1221.7099999999998
2024-06-11,221116.0,106823.5,1236.0900000000004
2024-06-12,221585.0,109084.5,1361.7500000000002
2024-06-13,221581.5,110701.5,1288.8100000000004
2024-06-14,226817.5,127813.0,1415.21
2024-06-15,207256.0,165959.5,1365.2399999999996
2024-06-16,202485.5,167860.0,1343.1600000000005
2024-06-17,221004.0,106382.5,1242.2
2024-06-18,221095.0,111275.5,1410.6799999999998
2024-06-19,221763.5,109935.0,1347.38
2024-06-20,222754.0,112994.0,1295.9200000000003
2024-06-21,224339.5,127004.5,1345.53
2024-06-22,199171.0,159316.5,1381.4800000000002
2024-06-23,198744.0,160737.5,1337.8399999999997
2024-06-24,218498.0,105889.0,1299.8399999999995
2024-06-25,221168.5,115566.5,1463.8400000000001
2024-06-26,221574.5,117078.5,1390.1899999999998
2024-06-27,222187.0,118440.0,1415.5300000000002
2024-06-28,225463.0,132678.0,1609.73
2024-06-29,204575.0,169848.0,1490.78
2024-06-30,193445.0,133913.5,1198.64
2024-07-01,220475.5,93187.5,1372.4600000000003
2024-07-02,214084.5,82582.5,1377.6499999999999
2024-07-03,221784.5,94255.0,1391.9
2024-07-04,220846.5,101944.5,1344.28
2024-07-05,224406.0,109077.5,1433.0600000000002
2024-07-06,205096.5,143636.5,1408.8100000000004
2024-07-07,195191.5,140388.5,1495.0700000000004
2024-07-08,214665.5,85795.5,1233.9900000000002
2024-07-09,218211.0,95301.5,1302.7400000000002
2024-07-10,221791.5,100254.0,1259.9899999999998
2024-07-11,221410.0,109291.0,1300.6100000000001
2024-07-12,227150.0,121464.0,1287.9300000000003
2024-07-13,209345.5,172228.0,1466.42
2024-07-14,200823.0,163604.0,1379.7599999999993
2024-07-15,222082.0,108045.0,1578.3600000000004
2024-07-16,217371.0,105850.5,1745.63
2024-07-17,219590.0,98227.5,2105.69
2024-07-18,211914.5,90450.5,1844.8700000000003
2024-07-19,227867.5,124848.5,1980.45
2024-07-20,205576.0,151781.0,1821.02
2024-07-21,197508.5,141582.0,1467.4800000000007
2024-07-22,215848.5,101216.5,1358.5000000000002
2024-07-23,214473.0,105437.5,1403.5
2024-07-24,216405.0,110190.5,1282.6200000000006
2024-07-25,216706.0,119602.0,1462.5600000000004
2024-07-26,216380.5,130179.0,1406.3600000000004
2024-07-27,200088.0,161262.5,1451.9200000000003
2024-07-28,192612.0,160604.5,1525.5800000000008
2024-07-29,205418.5,125079.5,1553.5700000000002
2024-07-30,207868.5,129514.0,1452.9600000000003
2024-07-31,207375.0,135257.5,1458.17
2024-08-01,198019.5,116378.5,1677.94
2024-08-02,198285.5,123252.5,1580.7400000000002
2024-08-03,190344.0,163597.0,1734.2399999999993
2024-08-04,187001.5,146825.0,1600.7599999999995
2024-08-05,205565.5,101388.0,1400.2299999999998
2024-08-06,206906.0,104321.0,1470.3099999999995
2024-08-07,209744.5,102718.0,1452.3299999999995
2024-08-08,208915.0,104496.0,1472.2499999999995
2024-08-09,211722.0,118230.0,1566.2399999999996
2024-08-10,198845.5,157328.5,1672.13
2024-08-11,190508.5,147668.5,1543.56
2024-08-12,209006.0,103810.0,1422.61
2024-08-13,209989.5,109399.5,1387.4
2024-08-14,214522.0,120732.5,1486.8300000000004
2024-08-15,193980.5,160755.0,1569.4799999999998
2024-08-16,213542.0,124649.0,1466.8700000000001
2024-08-17,196742.0,158676.0,1434.4299999999998
2024-08-18,191569.0,152299.0,1399.82
2024-08-19,215488.0,102084.5,1282.18
2024-08-20,215001.5,106165.5,1262.58
2024-08-21,216107.5,95070.5,1378.6399999999996
2024-08-22,213825.5,103362.0,1301.9200000000005
2024-08-23,221049.5,127340.5,1401.1
2024-08-24,201152.0,161224.0,1558.5700000000002
2024-08-25,192598.0,153856.5,1487.2600000000002
2024-08-26,215236.0,105276.5,1226.2299999999998
2024-08-27,219226.0,114040.5,1352.1800000000003
2024-08-28,217668.5,114390.5,1343.2400000000002
2024-08-29,216083.0,116364.5,1356.8600000000004
2024-08-30,220612.0,131656.0,1481.1100000000004
2024-08-31,204298.5,173960.5,1385.63
2024-09-01,197323.0,152162.5,1291.6100000000004
2024-09-02,220836.0,92603.0,1253.6000000000006
2024-09-03,221480.0,101860.5,1259.9999999999998
2024-09-04,221200.0,101213.0,1357.4800000000002
2024-09-05,218904.0,104524.0,1403.3100000000002
2024-09-06,226376.5,113284.5,1319.9300000000005
2024-09-07,207907.0,166155.5,1493.1600000000003
2024-09-08,200581.5,160352.5,1423.59
2024-09-09,222568.5,104076.0,1175.49
2024-09-10,224035.0,111307.0,1442.4299999999996
2024-09-11,225491.0,114044.0,1398.6
2024-09-12,218851.5,108251.5,1440.84
2024-09-13,229792.5,118608.0,1398.05
2024-09-14,201379.5,154990.5,1572.2099999999996
2024-09-15,183211.0,182686.0,1662.2400000000002
2024-09-16,167443.5,212411.5,1618.3300000000002
2024-09-17,169851.5,300576.5,1658.7299999999993
2024-09-18,183956.5,148893.5,1289.2500000000002
2024-09-19,217892.5,105374.5,1310.3799999999997
2024-09-20,217444.5,107439.5,1399.4699999999996
2024-09-21,202632.5,127242.5,1447.7699999999995
2024-09-22,197386.0,145008.5,1540.9399999999996
2024-09-23,218757.0,109704.0,1533.5999999999997
2024-09-24,217633.5,115010.0,1629.92
2024-09-25,219019.5,117390.0,1396.3999999999996
2024-09-26,216044.5,118300.0,1499.03
2024-09-27,222001.5,132034.0,1560.08
2024-09-28,203686.0,163268.0,1649.3199999999995
2024-09-29,172539.5,133441.0,1591.7399999999996
2024-09-30,216030.5,119388.5,1456.51
2024-10-01,201320.0,119966.0,1443.1599999999999
2024-10-02,221557.0,113442.0,1630.83
2024-10-03,198807.0,161868.0,1711.7
2024-10-04,217542.5,127841.0,1552.8500000000006
2024-10-05,201757.5,162242.5,1521.7200000000003
2024-10-06,192913.0,140364.0,1606.6499999999999
2024-10-07,219058.0,100313.5,1469.0600000000009
2024-10-08,222876.5,122755.5,1570.9899999999998
2024-10-09,204809.5,151081.0,1602.96
2024-10-10,218676.5,110911.5,1694.8200000000004
2024-10-11,223233.5,126584.5,1643.4299999999998
2024-10-12,204925.0,170408.0,1491.5499999999997
2024-10-13,195170.5,158193.0,1590.6499999999996
2024-10-14,217115.5,105416.5,1372.97
2024-10-15,217672.0,114324.0,1551.4200000000003
2024-10-16,219544.5,119682.5,1537.9
2024-10-17,218851.5,128485.0,1797.67
2024-10-18,216240.5,126332.5,1995.7899999999995
2024-10-19,202076.0,165480.0,1613.2700000000002
2024-10-20,194915.0,169071.0,1700.3100000000002
2024-10-21,217147.0,118975.5,1577.2899999999997
2024-10-22,210003.5,107478.0,1500.28
2024-10-23,217588.0,122661.0,1681.0200000000002
2024-10-24,216594.0,133112.0,1808.7800000000004
2024-10-25,221935.0,148256.5,1818.4100000000008
2024-10-26,201904.5,189766.5,2013.9600000000003
2024-10-27,192150.0,183725.5,1925.3699999999997
2024-10-28,216681.5,126028.0,1724.3700000000003
2024-10-29,215736.5,132489.0,1722.1599999999999
2024-10-30,217994.0,135814.0,2093.0899999999992
2024-10-31,218284.5,138887.0,1816.0500000000006
2024-11-01,221931.5,130406.5,1747.6599999999999
2024-11-02,206293.5,185482.5,1634.8899999999994
2024-11-03,198663.5,182091.0,1740.0099999999995
2024-11-04,215729.5,113998.5,1556.1000000000001
2024-11-05,215883.5,116924.5,1705.0899999999997
2024-11-06,217490.0,119889.0,1539.9399999999998
2024-11-07,215544.0,118009.5,1810.3299999999992
2024-11-08,220818.5,135131.5,1934.8799999999992
2024-11-09,203413.0,185808.0,1679.7999999999995
2024-11-10,195429.5,182332.5,1531.1299999999999
2024-11-11,216958.0,120946.0,1416.3
2024-11-12,215386.5,121957.5,1498.2600000000002
2024-11-13,218029.0,122087.0,1430.87
2024-11-14,212607.5,121579.5,1433.5399999999997
2024-11-15,220132.5,142660.0,1518.3599999999994
2024-11-16,200830.0,182294.0,1324.5900000000004
2024-11-17,193032.0,169844.5,1273.1700000000003
2024-11-18,213717.0,106337.0,1245.9
2024-11-19,212184.0,114208.5,1379.4700000000005
2024-11-20,214004.0,114205.0,1373.9999999999995
2024-11-21,212824.5,115174.5,1300.9199999999998
2024-11-22,218645.0,134151.5,1425.5299999999997
2024-11-23,201278.0,168948.5,1326.6399999999996
2024-11-24,193119.5,164507.0,1336.0700000000004
2024-11-25,214830.0,111352.5,1385.1099999999997
2024-11-26,209328.0,105525.0,1268.5800000000002
2024-11-27,213006.5,97093.5,1197.3200000000002
2024-11-28,210234.5,89915.0,1190.13
2024-11-29,218722.0,109175.5,1353.22
2024-11-30,199948.0,137046.0,1210.3300000000006
2024-12-01,187372.5,117218.5,1148.6800000000003
2024-12-02,211620.5,91322.0,1158.32
2024-12-03,210588.0,95413.5,1093.9399999999998
2024-12-04,207700.5,93544.5,1067.33
2024-12-05,210406.0,101794.0,1125.5699999999997
2024-12-06,215484.5,116109.0,1166.8
2024-12-07,195163.5,137669.0,1190.81
2024-12-08,186133.5,125356.0,1188.4499999999996
2024-12-09,208467.0,98808.5,1238.1899999999998
2024-12-10,211925.0,105546.0,1222.6699999999998
2024-12-11,208764.5,102406.5,1178.3899999999999
2024-12-12,206535.0,105486.5,1264.5100000000002
2024-12-13,211834.0,117670.0,1237.1399999999996
2024-12-14,192062.5,148148.0,1208.9100000000003
2024-12-15,183718.5,136514.0,1192.1499999999999
2024-12-16,206045.0,105784.0,1329.1099999999994
2024-12-17,208379.5,109714.5,1356.3999999999996
2024-12-18,209608.0,111527.5,1331.8799999999994
2024-12-19,208460.0,113564.5,1360.4
2024-12-20,212495.5,126549.5,1426.5399999999995
2024-12-21,188744.5,140311.5,1293.5699999999997
2024-12-22,181944.0,135499.0,1343.8999999999992
2024-12-23,207483.5,114145.5,1449.7299999999998
2024-12-24,214224.5,130266.5,1359.3400000000001
2024-12-25,189612.5,140920.5,1261.6100000000001
2024-12-26,204848.0,121677.5,1381.1299999999997
2024-12-27,209898.5,131257.0,1491.13
2024-12-28,188450.5,151952.5,1523.1099999999994
2024-12-29,159215.0,124960.5,1564.1899999999996
2024-12-30,182175.0,109567.5,1481.3100000000002
2024-12-31,206654.0,136566.5,1316.8300000000002
2025-01-01,176088.5,144018.0,1395.18
2025-01-02,200091.5,93950.5,1188.85
2025-01-03,202279.0,107642.5,1099.9399999999998
2025-01-04,186711.0,135551.5,1210.6400000000003
2025-01-05,165322.5,93926.0,1080.47
2025-01-06,197561.0,91560.0,1174.3999999999999
2025-01-07,197785.0,98311.5,1095.6400000000003
2025-01-08,197827.0,98168.0,1020.1500000000001
2025-01-09,194243.0,96026.0,1109.31
2025-01-10,200028.5,110460.0,1300.8099999999997
2025-01-11,186427.5,138673.5,1090.74
2025-01-12,177548.0,128705.5,1195.04
2025-01-13,196525.0,101083.5,1245.2800000000002
2025-01-14,195702.5,102203.5,1246.0299999999997
2025-01-15,196059.5,104016.5,1167.6299999999999
2025-01-16,196924.0,106067.5,1249.8799999999999
2025-01-17,202044.5,122776.5,1166.6099999999997
2025-01-18,190799.0,154885.5,1173.8700000000008
2025-01-19,179284.0,140346.5,1224.5699999999997
2025-01-20,197354.5,108381.0,1234.95
2025-01-21,197589.0,111912.5,1222.3700000000001
2025-01-22,198653.0,112399.0,1124.7899999999995
2025-01-23,203868.0,118765.5,1287.8100000000002
2025-01-24,205355.5,127767.5,1355.2199999999998
2025-01-25,189175.0,163044.0,1346.7400000000005
2025-01-26,175423.5,176270.5,1404.1899999999998
2025-01-27,162659.0,144168.5,1523.98
2025-01-28,146118.0,154945.0,1517.66
2025-01-29,152411.0,242602.5,1545.2399999999998
2025-01-30,161210.0,156562.0,1447.4299999999998
2025-01-31,187344.5,115755.5,1418.34
2025-02-01,184436.0,120851.5,1267.1600000000003
2025-02-02,179189.5,118527.5,1345.2800000000004
2025-02-03,198551.5,92687.0,1332.1999999999998
2025-02-04,195177.5,91899.5,1196.9699999999998
2025-02-05,197778.0,96463.5,1226.4400000000003
2025-02-06,196721.0,101853.5,1393.48
2025-02-07,197396.5,100068.5,1197.68
2025-02-08,188468.0,131859.0,1127.5
2025-02-09,179263.0,125835.5,1387.7400000000002
2025-02-10,201796.0,105658.0,1227.8499999999997
2025-02-11,201715.5,112458.5,1196.75
2025-02-12,194484.5,99774.5,1152.7400000000005
2025-02-13,202135.5,116035.5,1260.7600000000002
2025-02-14,209128.5,133829.5,1250.3200000000002
2025-02-15,193595.5,163313.5,1128.7
2025-02-16,185174.5,151718.0,1186.5599999999995
2025-02-17,203147.0,120536.5,1204.3400000000001
2025-02-18,203098.0,123392.5,1214.4399999999996
2025-02-19,206619.0,126126.0,1159.9900000000002
2025-02-20,206808.0,129153.5,1194.9099999999996
2025-02-21,213073.0,146338.5,1295.0700000000004
2025-02-22,199612.0,172938.5,1188.0100000000002
2025-02-23,188730.5,161763.0,1223.9499999999998
2025-02-24,209720.0,133448.0,1153.18
2025-02-25,211372.0,140010.5,1268.0999999999997
2025-02-26,214035.5,146237.0,1087.59
2025-02-27,214767.0,147668.5,1131.4300000000003
2025-02-28,218256.5,163940.0,1112.82
2025-03-01,188849.5,171174.5,1233.3700000000003
2025-03-02,185244.5,155585.5,1208.7699999999998
2025-03-03,189665.0,124397.0,1129.6799999999996
2025-03-04,204480.5,87808.0,1025.8600000000001
2025-03-05,209716.5,101892.0,1217.06
2025-03-06,209779.5,108227.0,1205.9
2025-03-07,214126.5,115657.5,1213.8499999999997
2025-03-08,201558.0,153685.0,1165.3600000000001
2025-03-09,192430.0,145918.5,1238.4099999999996
2025-03-10,209531.0,108727.5,1209.5800000000002
2025-03-11,210892.5,114401.0,1429.13
2025-03-12,207070.5,111170.5,1308.09
2025-03-13,209338.5,116515.0,1360.07
2025-03-14,213699.5,129531.5,1454.5600000000006
2025-03-15,200543.0,170100.0,1447.529999999999
2025-03-16,185699.5,137179.0,1405.0100000000002
2025-03-17,206416.0,110922.0,1420.6100000000001
2025-03-18,203661.5,105042.0,1332.9099999999999
2025-03-19,209258.0,117327.0,1411.5299999999993
2025-03-20,209037.5,126455.0,1377.4199999999998
2025-03-21,216965.0,142453.5,1442.3199999999997
2025-03-22,201358.5,183480.5,1541.2099999999996
2025-03-23,195177.5,176410.5,1527.6699999999996
2025-03-24,208715.5,123168.5,1366.7
2025-03-25,206794.0,125650.0,1434.1900000000005
2025-03-26,209443.5,128772.0,1480.0099999999995
2025-03-27,207179.0,125230.0,1507.2300000000002
2025-03-28,213087.0,145824.0,1673.92
2025-03-29,194792.5,174072.5,1562.0199999999998
2025-03-30,188699.0,165991.0,1524.7899999999995
2025-03-31,208236.0,126745.5,1489.12
2025-04-01,218036.0,91259.0,1561.5100000000004
2025-04-02,216664.0,87902.5,1487.7099999999996
2025-04-03,218165.5,97853.0,1682.9799999999998
2025-04-04,223541.5,113375.5,1697.0400000000002
2025-04-05,197704.5,129223.5,1603.9699999999996
2025-04-06,200539.5,161143.5,1674.2200000000005
2025-04-07,218417.5,97160.0,1663.6799999999996
2025-04-08,218578.5,107695.0,1661.16
2025-04-09,215775.0,104646.5,1565.5499999999997
2025-04-10,219387.0,111898.5,1828.4800000000002
2025-04-11,226194.5,137921.0,1834.86
2025-04-12,204862.0,163019.5,1826.2400000000002
2025-04-13,191313.5,131551.0,1600.62
2025-04-14,210812.0,89950.0,1609.7999999999997
2025-04-15,218788.5,111548.5,1653.3900000000003
2025-04-16,220808.0,114915.5,1724.4299999999998
2025-04-17,221725.0,117239.5,1723.86
2025-04-18,226579.5,127764.0,1651.7099999999998
2025-04-19,202583.5,149278.5,1754.7299999999996
2025-04-20,203917.0,174310.5,1678.5499999999997
2025-04-21,219110.5,111268.5,1716.5600000000002
2025-04-22,213248.0,95042.5,1725.99
2025-04-23,222152.0,118310.5,1677.7099999999998
2025-04-24,218911.0,122622.5,1879.5899999999995
2025-04-25,225746.5,137266.5,2144.5299999999997
2025-04-26,207515.0,187127.5,1840.09
2025-04-27,199405.5,168854.0,1923.9799999999996
2025-04-28,219131.5,114233.0,1657.3399999999995
2025-04-29,218641.5,122153.5,1723.53
2025-04-30,222040.0,131320.0,1633.3699999999992
2025-05-01,221144.0,116462.5,1611.48
2025-05-02,236883.5,136727.5,1864.2699999999998
2025-05-03,206878.0,190519.0,1726.35
2025-05-04,198569.0,228791.5,1877.16
2025-05-05,199521.0,227535.0,1532.71
2025-05-06,215344.5,170100.0,1395.69
2025-05-07,236894.0,110127.5,1372.7400000000002
2025-05-08,240205.0,125408.5,1432.7199999999998
2025-05-09,231868.0,110001.5,1401.1699999999998
2025-05-10,213024.0,150335.5,1400.81
2025-05-11,217791.0,167160.0,1490.6399999999999
2025-05-12,236999.0,114730.0,1453.6499999999999
2025-05-13,235616.5,119619.5,1501.3299999999995
2025-05-14,236414.5,121135.0,1443.1900000000003
2025-05-15,233327.5,118195.0,1482.9999999999995
2025-05-16,233940.0,128534.0,1508.9599999999998
2025-05-17,220650.5,177019.5,1484.6500000000005
2025-05-18,216835.5,175770.0,1444.16
2025-05-19,231619.5,113781.5,1463.9300000000003
2025-05-20,234703.0,120977.5,1611.81
2025-05-21,237251.0,122787.0,1374.7199999999998
2025-05-22,235371.5,126605.5,1574.2499999999995
2025-05-23,239659.0,142289.0,1550.7799999999997
2025-05-24,217476.0,177740.5,1545.0699999999997
2025-05-25,217714.0,183022.0,1338.9299999999996
2025-05-26,233870.0,123581.5,1400.42
2025-05-27,233425.5,127946.0,1532.1899999999994
2025-05-28,233163.0,127512.0,1458.4099999999999
2025-05-29,234272.5,130609.5,1338.8700000000001
2025-05-30,240156.0,144224.5,1483.77
2025-05-31,220500.0,189766.5,1466.4499999999994
2025-06-01,208999.0,146258.0,1504.96
2025-06-02,229414.5,101262.0,1385.6000000000001
2025-06-03,225501.5,141802.5,1437.2700000000002
2025-06-04,230926.5,101447.5,1548.12
2025-06-05,234482.5,120393.0,1482.7799999999995
2025-06-06,207637.5,197844.5,1884.5099999999998
2025-06-07,205660.0,167559.0,1644.2
2025-06-08,206521.0,155347.5,1633.08
2025-06-09,231070.0,103127.5,1522.9400000000005
2025-06-10,233401.0,111429.5,1492.37
